-- Drop and recreate database
DROP DATABASE IF EXISTS ClubWorks;
CREATE DATABASE IF NOT EXISTS ClubWorks;
USE ClubWorks;

-- Create Images table
CREATE TABLE IF NOT EXISTS Images (
    ImageID INT AUTO_INCREMENT NOT NULL,
    ImageLink TINYTEXT,
    PRIMARY KEY (ImageID)
);

-- Create Students table
CREATE TABLE IF NOT EXISTS Students (
    NUID CHAR(9) NOT NULL,
    FirstName VARCHAR(40) NOT NULL,
    LastName VARCHAR(40) NOT NULL,
    GradDate DATE NOT NULL,
    Active BOOL DEFAULT TRUE,
    Email VARCHAR(40) NOT NULL UNIQUE,
    Major TINYTEXT,
    AboutMe TEXT,
    JoinDate DATETIME NOT NULL DEFAULT CURRENT_TIMESTAMP,
    Password VARCHAR(128) NOT NULL,
    ProfileIMG INT,
    PRIMARY KEY (NUID),
    CONSTRAINT fk_imageid
        FOREIGN KEY (ProfileIMG) REFERENCES Images(ImageID) ON DELETE CASCADE,
    Complete BOOLEAN AS (AboutMe IS NOT NULL AND Major IS NOT NULL) STORED -- Chatgpt Helped
);

-- Create Follows table
CREATE TABLE IF NOT EXISTS Follows(
    FollowerID char(9) NOT NULL,
    FolloweeID char(9) NOT NULL,
    CONSTRAINT fk_follows_follower
        FOREIGN KEY (FollowerID) REFERENCES Students(NUID) ON DELETE CASCADE,
    CONSTRAINT fk_follows_followee
        FOREIGN KEY (FolloweeID) REFERENCES Students(NUID) ON DELETE CASCADE
);

-- Create Clubs table
CREATE TABLE IF NOT EXISTS Clubs (
    ClubId INT AUTO_INCREMENT NOT NULL,
    ClubName VARCHAR(40) NOT NULL UNIQUE,
    Description TEXT,
    LinkTree TEXT,
    CalendarLink TEXT,
    LogoImg INT,
    PRIMARY KEY (ClubId),
    CONSTRAINT fk_clubs_logo
        FOREIGN KEY (LogoImg) REFERENCES Images(ImageID) ON DELETE SET NULL,
    Complete BOOLEAN AS (Description IS NOT NULL OR LinkTree IS NOT NULL OR CalendarLink IS NOT NULL) STORED
);

-- Create Programs table
CREATE TABLE IF NOT EXISTS Programs (
    ProgramID INT AUTO_INCREMENT,
    ClubID INT NOT NULL,
    ProgramName VARCHAR(40) NOT NULL UNIQUE,
    ProgramDescription TEXT NOT NULL,
    InfoLink TINYTEXT NOT NULL,
    PRIMARY KEY (ProgramID),
    CONSTRAINT fk_programs_club
        FOREIGN KEY (ClubID) REFERENCES Clubs(ClubId) ON DELETE CASCADE
);

-- Create Participates table
CREATE TABLE IF NOT EXISTS Participates (
    NUID CHAR(9),
    ProgramID INT,
    PRIMARY KEY (NUID, ProgramID),
    CONSTRAINT fk_participates_student
        FOREIGN KEY (NUID) REFERENCES Students(NUID) ON DELETE CASCADE,
    CONSTRAINT fk_participates_program
        FOREIGN KEY (ProgramID) REFERENCES Programs(ProgramID) ON DELETE CASCADE
);

-- Create ApplicationStatus table
CREATE TABLE IF NOT EXISTS ApplicationStatus (
    StatusID INT AUTO_INCREMENT NOT NULL,
    StatusText varchar(40) NOT NULL,
    PRIMARY KEY (StatusID)
);

-- Create Applications table
CREATE TABLE IF NOT EXISTS Applications (
    ApplicationID INT AUTO_INCREMENT NOT NULL,
    NAME TINYTEXT NOT NULL,
    ProgramId INT NOT NULL,
    Description TEXT,
    Deadline DATETIME NOT NULL,
    ApplyLink TINYTEXT NOT NULL,
    PostedDate DATETIME NOT NULL DEFAULT CURRENT_TIMESTAMP,
    Status INT NOT NULL DEFAULT 1,
    PRIMARY KEY (ApplicationID),
    CONSTRAINT fk_clubid
        FOREIGN KEY (ProgramId) REFERENCES Programs(ProgramId) ON DELETE CASCADE,
    CONSTRAINT fk_applystatus
        FOREIGN KEY (Status) REFERENCES ApplicationStatus(StatusID)
);

-- Create StudentApplication table
CREATE TABLE IF NOT EXISTS StudentApplication (
    NUID CHAR(9) NOT NULL,
    ApplicationID INT NOT NULL,
    PRIMARY KEY (NUID, ApplicationID),
    CONSTRAINT fk_studentapplication_student
        FOREIGN KEY (NUID) REFERENCES Students(NUID) ON DELETE CASCADE,
    CONSTRAINT fk_studentapplication_application
        FOREIGN KEY (ApplicationID) REFERENCES Applications(ApplicationID) ON DELETE CASCADE
);

-- Create Feedback table
CREATE TABLE IF NOT EXISTS Feedback (
    FeedbackId INT AUTO_INCREMENT NOT NULL,
    Description TINYTEXT,
    Rating TINYINT UNSIGNED NOT NULL,
    NUID CHAR(9),
    ClubID INT,
    PRIMARY KEY (FeedbackId),
    CONSTRAINT fk_feedback_student
        FOREIGN KEY (NUID) REFERENCES Students(NUID) ON DELETE CASCADE,
    CONSTRAINT fk_feedback_club
        FOREIGN KEY (ClubID) REFERENCES Clubs(ClubId) ON DELETE CASCADE
);
-- Create EventTypes Table
CREATE TABLE IF NOT EXISTS EventTypes
(
    EventTypeId INT AUTO_INCREMENT NOT NULL,
    EventType   varchar(40) UNIQUE NOT NULL,
    PRIMARY KEY (EventTypeId)
);

-- Create Events table
CREATE TABLE IF NOT EXISTS Events (
    EventID INT AUTO_INCREMENT NOT NULL,
    Name VARCHAR(100) NOT NULL,
    Location VARCHAR(100) NOT NULL,
    Description TEXT,
    StartTime DATETIME NOT NULL DEFAULT CURRENT_TIMESTAMP,
    EndTime DATETIME NOT NULL DEFAULT CURRENT_TIMESTAMP,
    ClubId INT NOT NULL,
    PosterImg INT,
    Type INT NOT NULL,
    PRIMARY KEY (EventID),
    CONSTRAINT fk_events_club
        FOREIGN KEY (ClubId) REFERENCES Clubs(ClubId) ON DELETE CASCADE,
    CONSTRAINT fk_events_poster
        FOREIGN KEY (PosterImg) REFERENCES Images(ImageID) ON DELETE CASCADE,
    CONSTRAINT fk_events_type
        FOREIGN KEY (Type) REFERENCES EventTypes(EventTypeId) ON DELETE CASCADE
);

-- Create Attendance table
CREATE TABLE IF NOT EXISTS Attendance (
    NUID CHAR(9) NOT NULL,
    EventID INT NOT NULL,
    PRIMARY KEY (NUID, EventID),
    CONSTRAINT fk_attendance_student
        FOREIGN KEY (NUID) REFERENCES Students(NUID) ON DELETE CASCADE,
    CONSTRAINT fk_attendance_events
        FOREIGN KEY (EventID) REFERENCES Events(EventID) ON DELETE CASCADE
);

-- Create Interests table
CREATE TABLE IF NOT EXISTS Interests (
    InterestID INT AUTO_INCREMENT NOT NULL,
    InterestName VARCHAR(40) UNIQUE NOT NULL,
    PRIMARY KEY (InterestID)
);

-- Create Interested table
CREATE TABLE IF NOT EXISTS Interested (
    NUID CHAR(9) NOT NULL,
    InterestID INT NOT NULL,
    PRIMARY KEY (NUID, InterestID),
    CONSTRAINT fk_interested_student
        FOREIGN KEY (NUID) REFERENCES Students(NUID) ON DELETE CASCADE,
    CONSTRAINT fk_interested_interest
        FOREIGN KEY (InterestID) REFERENCES Interests(InterestID) ON DELETE CASCADE
);

-- Create Executives table
CREATE TABLE IF NOT EXISTS Executives (
    Position VARCHAR(50) NOT NULL,
    NUID CHAR(9) NOT NULL,
    ClubID INT NOT NULL,
    PRIMARY KEY (NUID, ClubID, Position),
    CONSTRAINT fk_executives_student
        FOREIGN KEY (NUID) REFERENCES Students(NUID) ON DELETE CASCADE,
    CONSTRAINT fk_executives_club
        FOREIGN KEY (ClubID) REFERENCES Clubs(ClubId) ON DELETE CASCADE
);

-- Create AppealsTo table
CREATE TABLE IF NOT EXISTS AppealsTo (
    InterestID INT NOT NULL,
    ClubId INT NOT NULL,
    PRIMARY KEY (InterestID, ClubId),
    CONSTRAINT fk_appeals_interest
        FOREIGN KEY (InterestID) REFERENCES Interests(InterestID) ON DELETE CASCADE,
    CONSTRAINT fk_appeals_club
        FOREIGN KEY (ClubId) REFERENCES Clubs(ClubId) ON DELETE CASCADE
);

-- Create Analysts table
CREATE TABLE IF NOT EXISTS Analysts (
    AnalystID INT AUTO_INCREMENT NOT NULL,
    AnalystName VARCHAR(40) NOT NULL,
    Password VARCHAR(128) NOT NULL,
    Email VARCHAR(75) UNIQUE NOT NULL,
    PRIMARY KEY (AnalystID)
);

-- Create Membership table
CREATE TABLE IF NOT EXISTS Membership (
    NUID CHAR(9) NOT NULL,
    ClubID INT NOT NULL,
    PRIMARY KEY (NUID, ClubID),
    CONSTRAINT fk_membership_student
        FOREIGN KEY (NUID) REFERENCES Students(NUID) ON DELETE CASCADE,
    CONSTRAINT fk_membership_club
        FOREIGN KEY (ClubID) REFERENCES Clubs(ClubId) ON DELETE CASCADE
);
-- Create RequestTypes table
CREATE TABLE IF NOT EXISTS RequestTypes
(
    RequestTypeId INT AUTO_INCREMENT NOT NULL,
    RequestType   varchar(40) UNIQUE NOT NULL,
    PRIMARY KEY (RequestTypeId)
);

-- Create Requests table
CREATE TABLE IF NOT EXISTS Requests (
    RequestID INT AUTO_INCREMENT NOT NULL,
    RequestDescription TEXT NOT NULL,
    Status BOOL,
    CreatedTime DATETIME NOT NULL DEFAULT CURRENT_TIMESTAMP,
    Type INT NOT NULL,
    ExecutiveID char(9) NOT NULL,
    ExecutiveClub INT NOT NULL,
    ExecutivePosition VARCHAR(50) NOT NULL,
    PRIMARY KEY (RequestID),
    CONSTRAINT fk_requests_executive
        FOREIGN KEY (ExecutiveID, ExecutiveClub, ExecutivePosition) REFERENCES Executives(NUID, ClubID, Position),
    CONSTRAINT fk_requests_type
        FOREIGN KEY (Type) REFERENCES RequestTypes(RequestTypeId)
);

-- Create RequestReviews table
CREATE TABLE IF NOT EXISTS RequestReviews (
    RequestID INT NOT NULL,
    AnalystID INT NOT NULL,
    PRIMARY KEY (RequestID, AnalystID),
    CONSTRAINT fk_reviews_request
        FOREIGN KEY (RequestID) REFERENCES Requests(RequestID) ON DELETE CASCADE,
    CONSTRAINT fk_reviews_analyst
        FOREIGN KEY (AnalystID) REFERENCES Analysts(AnalystID) ON DELETE CASCADE
);

-- Create AdminTypes table
CREATE TABLE IF NOT EXISTS AdminTypes
(
    AdminTypeId INT AUTO_INCREMENT NOT NULL,
    AdminType   varchar(40) UNIQUE NOT NULL,
    PRIMARY KEY (AdminTypeId)
);
-- Create SupportTypes table
CREATE TABLE IF NOT EXISTS SupportTypes
(
    SupportTypeId INT AUTO_INCREMENT NOT NULL,
    SupportType   varchar(40) UNIQUE NOT NULL,
    PRIMARY KEY (SupportTypeId)
);

-- Create SupportRequests table
CREATE TABLE IF NOT EXISTS SupportRequests
(
    SupportRequestID          INT AUTO_INCREMENT NOT NULL,
    SupportRequestType        INT                NOT NULL,
    SupportRequestDescription TINYTEXT,
    StudentID                 char(9) NOT NULL,
    PRIMARY KEY (SupportRequestID),
    CONSTRAINT fk_student
        FOREIGN KEY (StudentID) REFERENCES Students (NUID) ON DELETE CASCADE,
    CONSTRAINT fk_supporttype
        FOREIGN KEY (SupportRequestType) REFERENCES SupportTypes (SupportTypeID)
);
-- Create Admins table
CREATE TABLE IF NOT EXISTS Admins (
    AdminId INT AUTO_INCREMENT NOT NULL,
    UserName varchar(40) UNIQUE NOT NULL,
    Password varchar(128) NOT NULL,
    TypeID INT,
    PRIMARY KEY (AdminId),
    CONSTRAINT fk_type
        FOREIGN KEY (TypeId) REFERENCES AdminTypes(AdminTypeID) ON DELETE CASCADE
);

-- Create SupportAdmins
CREATE TABLE SupportAdmins(
    AdminID INT,
    RequestID INT NOT NULL,
    PRIMARY KEY (AdminId, RequestID),
    CONSTRAINT fk_adminid
        FOREIGN KEY (AdminId) REFERENCES Admins(AdminId),
    CONSTRAINT fk_requestid
        FOREIGN KEY (RequestId) REFERENCES SupportRequests(SupportRequestID) ON DELETE CASCADE
);

USE ClubWorks;

USE ClubWorks;

-- Insert data for Images
INSERT INTO Images (ImageID, ImageLink) VALUES
(1, 'https://dummyimage.com/853x20'),
(2, 'https://dummyimage.com/754x396'),
(3, 'https://dummyimage.com/893x331'),
(4, 'https://dummyimage.com/254x886'),
(5, 'https://dummyimage.com/357x382'),
(6, 'https://placekitten.com/186/844'),
(7, 'https://picsum.photos/341/303'),
(8, 'https://dummyimage.com/159x389'),
(9, 'https://dummyimage.com/659x48'),
(10, 'https://placekitten.com/695/55'),
(11, 'https://picsum.photos/850/7'),
(12, 'https://dummyimage.com/335x366'),
(13, 'https://picsum.photos/203/848'),
(14, 'https://picsum.photos/372/768'),
(15, 'https://picsum.photos/675/82'),
(16, 'https://picsum.photos/245/1022'),
(17, 'https://placekitten.com/380/527'),
(18, 'https://picsum.photos/888/265'),
(19, 'https://picsum.photos/336/617'),
(20, 'https://dummyimage.com/307x469'),
(21, 'https://dummyimage.com/700x321'),
(22, 'https://picsum.photos/663/26'),
(23, 'https://picsum.photos/124/911'),
(24, 'https://picsum.photos/794/367'),
(25, 'https://placekitten.com/753/441'),
(26, 'https://placekitten.com/248/984'),
(27, 'https://placekitten.com/126/28'),
(28, 'https://placekitten.com/1007/667'),
(29, 'https://dummyimage.com/861x412'),
(30, 'https://picsum.photos/244/306'),
(31, 'https://dummyimage.com/1013x337'),
(32, 'https://picsum.photos/472/416'),
(33, 'https://picsum.photos/333/590'),
(34, 'https://picsum.photos/185/6'),
(35, 'https://picsum.photos/6/1015'),
(36, 'https://placekitten.com/196/541'),
(37, 'https://dummyimage.com/831x135'),
(38, 'https://picsum.photos/853/372'),
(39, 'https://dummyimage.com/377x55'),
(40, 'https://dummyimage.com/676x360'),
(41, 'https://placekitten.com/364/364'),
(42, 'https://placekitten.com/509/846'),
(43, 'https://picsum.photos/855/665'),
(44, 'https://placekitten.com/138/943'),
(45, 'https://placekitten.com/399/413'),
(46, 'https://dummyimage.com/276x477'),
(47, 'https://placekitten.com/598/256'),
(48, 'https://dummyimage.com/121x532'),
(49, 'https://placekitten.com/90/745'),
(50, 'https://picsum.photos/220/139'),
(51, 'https://dummyimage.com/760x72'),
(52, 'https://dummyimage.com/909x755'),
(53, 'https://placekitten.com/629/919'),
(54, 'https://placekitten.com/541/638'),
(55, 'https://picsum.photos/1008/983'),
(56, 'https://picsum.photos/542/912'),
(57, 'https://picsum.photos/449/706'),
(58, 'https://picsum.photos/4/170'),
(59, 'https://dummyimage.com/227x384'),
(60, 'https://dummyimage.com/1004x372'),
(61, 'https://dummyimage.com/715x427'),
(62, 'https://picsum.photos/645/795'),
(63, 'https://picsum.photos/616/754'),
(64, 'https://picsum.photos/858/388'),
(65, 'https://dummyimage.com/167x292'),
(66, 'https://dummyimage.com/475x681'),
(67, 'https://picsum.photos/411/28'),
(68, 'https://dummyimage.com/232x64'),
(69, 'https://picsum.photos/803/654'),
(70, 'https://dummyimage.com/494x204'),
(71, 'https://dummyimage.com/304x422'),
(72, 'https://placekitten.com/735/324'),
(73, 'https://picsum.photos/581/77'),
(74, 'https://placekitten.com/192/424'),
(75, 'https://placekitten.com/839/31'),
(76, 'https://placekitten.com/310/666'),
(77, 'https://dummyimage.com/335x936'),
(78, 'https://dummyimage.com/900x50'),
(79, 'https://dummyimage.com/56x795'),
(80, 'https://dummyimage.com/34x653'),
(81, 'https://dummyimage.com/896x93'),
(82, 'https://dummyimage.com/641x797'),
(83, 'https://placekitten.com/256/777'),
(84, 'https://dummyimage.com/116x224'),
(85, 'https://placekitten.com/243/197'),
(86, 'https://picsum.photos/356/68'),
(87, 'https://placekitten.com/632/443'),
(88, 'https://dummyimage.com/197x942'),
(89, 'https://dummyimage.com/960x120'),
(90, 'https://dummyimage.com/450x454'),
(91, 'https://placekitten.com/332/784'),
(92, 'https://picsum.photos/494/965'),
(93, 'https://picsum.photos/426/438'),
(94, 'https://placekitten.com/932/29'),
(95, 'https://picsum.photos/399/149'),
(96, 'https://dummyimage.com/250x193'),
(97, 'https://dummyimage.com/482x437'),
(98, 'https://dummyimage.com/461x1019'),
(99, 'https://placekitten.com/914/826'),
(100, 'https://placekitten.com/510/922'),
(101, 'https://placekitten.com/222/61'),
(102, 'https://dummyimage.com/753x489'),
(103, 'https://dummyimage.com/1010x168'),
(104, 'https://dummyimage.com/953x227'),
(105, 'https://dummyimage.com/510x909'),
(106, 'https://picsum.photos/869/255'),
(107, 'https://dummyimage.com/446x788'),
(108, 'https://placekitten.com/360/11'),
(109, 'https://dummyimage.com/565x48'),
(110, 'https://placekitten.com/680/412'),
(111, 'https://placekitten.com/618/57'),
(112, 'https://picsum.photos/814/751'),
(113, 'https://picsum.photos/512/471'),
(114, 'https://placekitten.com/417/514'),
(115, 'https://picsum.photos/11/33'),
(116, 'https://picsum.photos/273/672'),
(117, 'https://placekitten.com/262/627'),
(118, 'https://picsum.photos/585/59'),
(119, 'https://placekitten.com/878/805'),
(120, 'https://placekitten.com/822/901'),
(121, 'https://placekitten.com/573/578'),
(122, 'https://placekitten.com/149/977'),
(123, 'https://dummyimage.com/988x324'),
(124, 'https://placekitten.com/97/201'),
(125, 'https://placekitten.com/244/545'),
(126, 'https://placekitten.com/644/845'),
(127, 'https://picsum.photos/803/976'),
(128, 'https://placekitten.com/798/248'),
(129, 'https://placekitten.com/882/470'),
(130, 'https://picsum.photos/14/939'),
(131, 'https://picsum.photos/29/728'),
(132, 'https://dummyimage.com/552x295'),
(133, 'https://dummyimage.com/328x638'),
(134, 'https://picsum.photos/647/880'),
(135, 'https://placekitten.com/725/502'),
(136, 'https://dummyimage.com/937x54'),
(137, 'https://picsum.photos/803/1019'),
(138, 'https://placekitten.com/766/611'),
(139, 'https://dummyimage.com/270x1021'),
(140, 'https://dummyimage.com/22x954'),
(141, 'https://dummyimage.com/472x838'),
(142, 'https://dummyimage.com/461x696'),
(143, 'https://dummyimage.com/605x468'),
(144, 'https://picsum.photos/654/199'),
(145, 'https://placekitten.com/380/94'),
(146, 'https://picsum.photos/251/792'),
(147, 'https://picsum.photos/758/131'),
(148, 'https://picsum.photos/440/2'),
(149, 'https://placekitten.com/690/534'),
(150, 'https://placekitten.com/509/567'),
(151, 'https://dummyimage.com/635x710'),
(152, 'https://placekitten.com/802/43'),
(153, 'https://dummyimage.com/247x897'),
(154, 'https://dummyimage.com/646x482'),
(155, 'https://placekitten.com/203/350'),
(156, 'https://placekitten.com/593/124'),
(157, 'https://placekitten.com/263/288'),
(158, 'https://picsum.photos/403/549'),
(159, 'https://picsum.photos/522/734'),
(160, 'https://placekitten.com/163/289'),
(161, 'https://picsum.photos/477/91'),
(162, 'https://picsum.photos/40/73'),
(163, 'https://placekitten.com/774/869'),
(164, 'https://picsum.photos/861/50'),
(165, 'https://dummyimage.com/316x295'),
(166, 'https://placekitten.com/214/729'),
(167, 'https://picsum.photos/153/319'),
(168, 'https://picsum.photos/147/725'),
(169, 'https://picsum.photos/739/700'),
(170, 'https://placekitten.com/603/401'),
(171, 'https://picsum.photos/678/831'),
(172, 'https://dummyimage.com/679x332'),
(173, 'https://placekitten.com/967/347'),
(174, 'https://picsum.photos/270/787'),
(175, 'https://dummyimage.com/910x300'),
(176, 'https://placekitten.com/279/316'),
(177, 'https://dummyimage.com/517x523'),
(178, 'https://placekitten.com/4/754'),
(179, 'https://dummyimage.com/821x414'),
(180, 'https://placekitten.com/206/223'),
(181, 'https://placekitten.com/347/950'),
(182, 'https://placekitten.com/378/153'),
(183, 'https://dummyimage.com/223x220'),
(184, 'https://dummyimage.com/311x93'),
(185, 'https://dummyimage.com/247x827'),
(186, 'https://placekitten.com/584/271'),
(187, 'https://placekitten.com/461/361'),
(188, 'https://picsum.photos/200/874'),
(189, 'https://picsum.photos/570/499'),
(190, 'https://placekitten.com/643/811'),
(191, 'https://dummyimage.com/539x437'),
(192, 'https://picsum.photos/799/634'),
(193, 'https://dummyimage.com/597x887'),
(194, 'https://picsum.photos/857/994'),
(195, 'https://picsum.photos/971/971'),
(196, 'https://picsum.photos/94/717'),
(197, 'https://picsum.photos/388/448'),
(198, 'https://picsum.photos/427/363'),
(199, 'https://picsum.photos/359/9');

-- Insert data for Students
INSERT INTO Students (NUID, FirstName, LastName, GradDate, Active, Email, Major, AboutMe, JoinDate, Password, ProfileIMG) VALUES
('635992786', 'Shannon', 'Villegas', '2026-09-05', 1, 'cynthiamills@example.org', 'Designer, furniture', 'Business mouth whatever sport loss. Different player agent positive between kitchen attorney himself.', '2025-02-11 18:58:31', '8a5d37ee950704e5a3bf04b90bbdad1f8a3d53b128739bca29ee3f7a65431f45', 3),
('994183336', 'Valerie', 'Simpson', '2026-05-15', 1, 'johnadams@example.org', 'Jewellery designer', NULL, '2025-04-09 01:46:18', 'ad6f54edfe73065a5ab79d285bc11a82bb838dad2ae5c11fed66af77f89767f0', 96),
('965313728', 'Gabriel', 'Moore', '2027-08-15', 1, 'ujohnson@example.com', 'Chartered certified accountant', 'Product stand billion set language south top.', '2023-11-28 15:02:40', '58f758e504c6cb5558373f5610d3a8978e44b6a5d00bf764317b327f660c299a', 91),
('653223318', 'Lori', 'Dodson', '2028-05-12', 0, 'cobbjennifer@example.net', NULL, 'Avoid leader its smile late Republican. Interview rather drug good floor.', '2024-05-10 06:53:19', 'c616a1c39df39bd9f09cb618fb01e135693fb6b8a82d591d326bf4d4b2228a1c', NULL),
('110895675', 'Corey', 'Anderson', '2028-09-23', 1, 'hamptondavid@example.net', 'Air traffic controller', 'Do three subject. Save series want remain white letter. Letter program good dinner.', '2024-11-18 01:22:12', 'cab67f49d9a187455baeb15c83d5d90ffccb83d754d3ac1f902fdb9b5b8d579e', 131),
('724212731', 'Shane', 'Johnson', '2027-10-23', 1, 'hartchristopher@example.com', 'Horticulturist, commercial', 'Enter maintain special. Tend son probably ago hand remember. Against represent common despite gun.', '2024-06-04 19:51:06', 'ef25b7c7cbacbf4f4b04c2f2ad7727ae7d6ba26334fba9f8e2b744685579d65f', 198),
('615402399', 'Brandi', 'Hunt', '2027-07-19', 1, 'jessica70@example.net', 'Special effects artist', 'Try language sense thought investment thought. Role star type involve turn including which.', '2024-01-13 04:11:11', '900bd311d2c86216262406c620a8d8cfe0a8f5e02c35a0c804c06edd50260741', 189),
('344592404', 'Emma', 'Jones', '2027-08-26', 1, 'louis14@example.org', 'Herpetologist', 'Yourself they body note inside push. Cold along purpose finish word eat stay. Room pressure over pressure hundred production student task.', '2024-06-24 05:32:06', 'c0b924b08fed87d0ae40ab3bbb2baade8ed3d54d38d4ab83d944ddfb1911fc79', 56),
('130169228', 'Christopher', 'Meza', '2028-10-20', 1, 'vjones@example.net', 'Presenter, broadcasting', NULL, '2024-07-29 08:41:06', '2bfaaf1097307b407d6fe34dc7b886b9c3ef1e0bb51df209695b45fa9fc06ae8', 34),
('118172510', 'Catherine', 'Quinn', '2026-06-09', 1, 'stokesvanessa@example.net', 'Education officer, environmental', NULL, '2025-01-12 21:27:28', 'ddbba4a678692dba238a5f15c8c472211b88085a562878d528075ed16b44264e', 88),
('159358878', 'David', 'Sellers', '2029-02-21', 1, 'lpatrick@example.com', 'Pharmacist, hospital', 'Set pressure available again. Ground bad cultural national practice send.', '2024-10-19 19:21:51', '323dc9487df8172b1274bd200243207eeb63ccb566371218fd7eb5d10d58b5d0', NULL),
('853722878', 'Karen', 'Ward', '2028-08-26', 1, 'robertthomas@example.com', NULL, 'Hold either imagine member. Focus eye friend option college city support.', '2024-07-30 00:28:39', 'e154926c2f698310241df71c04fb09dd9652353933ee21adac588243e4f2f751', 32),
('284700621', 'Sue', 'Cabrera', '2027-11-27', 1, 'millerlisa@example.com', 'Therapist, sports', 'Very avoid understand tree. Campaign than within science method garden there.', '2025-01-15 23:36:09', 'b237f94ca2749846f349c5ce0c7638a403e8c625012446292cc78fbc8fe29451', 141),
('530152058', 'Melissa', 'Mcguire', '2027-07-13', 1, 'porterrose@example.org', 'Librarian, academic', 'Analysis sport amount policy. Much man likely direction someone woman. Name project believe plan product attack.', '2024-03-02 11:22:15', 'f19fe1e7b2813b3ada5cbad9acac9a9148c915da59aa8e18e2593cbab995aaf6', 86),
('391537381', 'Andrea', 'Thomas', '2027-12-25', 1, 'james88@example.org', 'Industrial buyer', NULL, '2024-09-25 13:29:59', 'af0051a49b628fed136635ca5ff6d19a635abd1c05f4855ed4bb066d615d0c9f', 1),
('865930971', 'David', 'Palmer', '2027-04-06', 1, 'agibbs@example.net', 'Animator', 'Answer anyone at yard space mission exist. Actually clear loss bank organization couple range. Boy rest garden food around sing.', '2024-07-23 06:46:34', '1f457f2f481652ae7afd406672d5b342abc6d595954705fc8a3ef828720bc1c1', 68),
('733870933', 'Lori', 'Porter', '2029-03-15', 1, 'jeffrey51@example.org', 'Chiropractor', NULL, '2023-05-22 19:25:52', 'c714efc4fd030899f0e79c63a76ae6b26e3f78f8b2e51c0dcb6bd7beb4ec56e3', 48),
('966040258', 'Jenna', 'Williams', '2028-07-20', 1, 'stephanielawrence@example.net', 'Paramedic', 'Recent read make as name perhaps quite. Blue it politics.', '2024-08-24 17:13:37', '815ffa31a74e32d1ffaee74f1968324054d35f120072e889ffe875dbb9b9f207', 133),
('428122849', 'Steve', 'Tucker', '2026-09-30', 1, 'usolomon@example.com', 'Private music teacher', 'Shake while instead. Trial property picture standard. Part although piece him center design at. Window fast group court describe show.', '2023-08-12 04:18:31', '2afbff0b4e2d075763a2b92e14216ef805e35e99c0eeb14be9ff584f822f3209', NULL),
('144888040', 'Patrick', 'Taylor', '2028-11-13', 1, 'pagedavid@example.org', 'Community development worker', 'Fast professor themselves indeed. Mission effect voice tend responsibility nor room. The computer because service.', '2024-02-08 15:20:36', '5cc7ba1d654fae530a897e9b77e473c33a2ba088084960eaeef401d1e78d3c15', 146),
('294461639', 'Angela', 'Myers', '2028-01-28', 1, 'xmcdowell@example.net', 'Research scientist (medical)', 'Home trip child impact fish enjoy else. Full action last data blood.', '2024-07-22 01:22:37', '50f437d3f5d0fc49004f7fdfd3df88ef88556f90eebe5d7498a1b9399d98d959', NULL),
('569604549', 'Samantha', 'Newton', '2029-01-14', 1, 'alexis78@example.org', 'Games developer', 'Total wonder she culture. Financial upon shake.', '2024-06-24 21:12:05', '66fa9a6d5c274dbd9b3b236f3088ebbe8a692dadff58b0f1d19efe40eff70c2d', NULL),
('874478925', 'Stephanie', 'Elliott', '2026-07-07', 0, 'myerscurtis@example.net', 'Psychologist, counselling', 'Practice others especially when word month care teacher. Explain leader nation huge.', '2023-12-31 22:36:59', 'fffb360ed87764a4e435085b626aa2800a8e541f6cf565c24a10556b82e97cd0', 115),
('214107732', 'Edward', 'Johnson', '2026-12-20', 1, 'ryan71@example.com', 'Higher education lecturer', 'Serve will that friend knowledge. Return adult talk. Fight perhaps federal camera focus organization.', '2025-01-04 08:47:50', '71251f38231d5b4e6549e6e43e7618ac926206acbf3655cc895c171c3661e7f0', 57),
('450285267', 'Stacey', 'Chung', '2026-10-31', 1, 'joselopez@example.net', 'Landscape architect', 'Anything at manager popular green among many. Ever since test fact in former court.', '2024-06-08 02:18:35', '4557d6337daf8c7898dfca7cddbdc84fb45dc99908b719b1a7c98409d18634d6', 102),
('166271843', 'Brandon', 'Chavez', '2028-10-21', 1, 'heidi56@example.org', 'Civil engineer, consulting', 'Start land such election window rule crime. Eye best car item way down myself. You word industry memory push dog.', '2024-07-04 02:25:56', '04dc7c07636fba2d5f8bbf7d7c8196093663923c83b95020a7eeb0ce3df53ea9', 20),
('736965050', 'Jacob', 'Williams', '2027-10-01', 0, 'taylorchung@example.org', 'Insurance account manager', 'Tell billion arm lawyer. Really these particular whether operation life. Drive call season pretty production live.', '2024-05-11 01:52:55', '68606c56b62eff22d177ee54a42fbb9a7867d89d0ab0725cbc49a3d7f65ff6bc', NULL),
('662631789', 'Brittany', 'Harrington', '2028-03-30', 1, 'jacob05@example.com', 'Sub', 'Score read small. Feel prevent process dinner service.', '2025-04-05 06:07:20', '7d1404d66a05d50bc61a1f8a21f4d52fab0c75766ff02e51bbc5b30549997153', NULL),
('444783117', 'Teresa', 'Contreras', '2027-08-25', 1, 'kevinhaley@example.com', 'Sound technician, broadcasting/film/video', NULL, '2024-05-09 00:43:54', 'ee007beec73f955619386336c074f4181a039b62d22884221b121d57c049dbf5', NULL),
('222614550', 'Audrey', 'Gonzales', '2028-12-06', 1, 'raysandra@example.org', 'Electronics engineer', 'Marriage cost gas industry perhaps. Language art form almost between support sit. Development day thought deep return.', '2023-06-10 03:32:04', 'bbf37cd8575839070809195d05de7e6a3a3601e9d460af9caa1bbb69c1cf4563', 190),
('179791958', 'Susan', 'Fischer', '2027-01-20', 1, 'sarah95@example.org', 'Call centre manager', 'Wish would travel. Agree economy two would statement.', '2025-02-23 02:01:38', 'eab31a5ee57eb2427323385d4cff1a92d3c578ed90c28407c1669be03fd9cf76', 169),
('865644837', 'Brian', 'Brown', '2028-02-01', 1, 'thomasbrown@example.net', 'Armed forces training and education officer', 'Become party hand world doctor hospital. Care change become summer skill budget exactly.', '2024-04-07 14:16:26', '470b49bc218df995b0c88d5ed9a58d4326fa15761738d4c0aa86d2f9e167417e', 151),
('998319093', 'Jennifer', 'Burton', '2027-08-05', 1, 'stokesryan@example.net', 'Merchandiser, retail', 'Mind imagine food tax them media above. Mean less medical American.', '2024-08-29 02:49:08', '047b9efa8cf07dad4926635fbd08b6324a1713b0874b20dad01467484a34538c', 8),
('526838976', 'Jessica', 'Brown', '2028-08-24', 1, 'lewisdavid@example.org', 'Estate agent', NULL, '2024-01-16 11:03:08', '92a30206a26d04b144396a271e6241c1f553cee2f38d2c49228614a6d50093f7', 113),
('292514990', 'Andrea', 'Escobar', '2027-07-23', 1, 'sonya32@example.net', 'Engineer, production', NULL, '2024-06-02 10:19:34', 'a8d8aca66afbc062c5ec114b69153009413ec9619897b9350dbde1ea620077ff', 146);

-- Insert data for Follows
INSERT INTO Follows (FollowerID, FolloweeID) VALUES
('635992786', '294461639'),
('635992786', '391537381'),
('635992786', '292514990'),
('994183336', '179791958'),
('994183336', '998319093'),
('994183336', '865644837'),
('965313728', '444783117'),
('965313728', '865930971'),
('965313728', '874478925'),
('653223318', '166271843'),
('653223318', '733870933'),
('653223318', '865644837'),
('653223318', '284700621'),
('110895675', '391537381'),
('110895675', '853722878'),
('110895675', '179791958'),
('110895675', '635992786'),
('724212731', '110895675'),
('724212731', '130169228'),
('724212731', '344592404'),
('724212731', '966040258'),
('615402399', '391537381'),
('615402399', '428122849'),
('615402399', '865930971'),
('615402399', '998319093'),
('344592404', '222614550'),
('344592404', '736965050'),
('344592404', '733870933'),
('344592404', '526838976'),
('344592404', '615402399'),
('130169228', '526838976'),
('130169228', '450285267'),
('130169228', '733870933'),
('118172510', '998319093'),
('118172510', '724212731'),
('118172510', '662631789'),
('118172510', '865930971'),
('118172510', '653223318'),
('118172510', '853722878'),
('159358878', '222614550'),
('159358878', '294461639'),
('159358878', '444783117'),
('159358878', '344592404'),
('853722878', '391537381'),
('853722878', '166271843'),
('853722878', '966040258'),
('853722878', '284700621'),
('284700621', '292514990'),
('284700621', '428122849'),
('284700621', '994183336'),
('530152058', '874478925'),
('530152058', '284700621'),
('530152058', '294461639'),
('530152058', '635992786'),
('530152058', '450285267'),
('530152058', '526838976'),
('391537381', '530152058'),
('391537381', '966040258'),
('391537381', '865930971'),
('391537381', '724212731'),
('391537381', '635992786'),
('865930971', '118172510'),
('865930971', '130169228'),
('865930971', '874478925'),
('733870933', '130169228'),
('733870933', '294461639'),
('733870933', '526838976'),
('733870933', '144888040'),
('966040258', '530152058'),
('966040258', '444783117'),
('966040258', '736965050'),
('428122849', '222614550'),
('428122849', '966040258'),
('428122849', '144888040'),
('428122849', '526838976'),
('428122849', '965313728'),
('428122849', '874478925'),
('144888040', '865644837'),
('144888040', '159358878'),
('144888040', '444783117'),
('144888040', '994183336'),
('144888040', '214107732'),
('144888040', '653223318'),
('294461639', '966040258'),
('294461639', '569604549'),
('294461639', '662631789'),
('569604549', '865644837'),
('569604549', '724212731'),
('569604549', '166271843'),
('569604549', '214107732'),
('569604549', '294461639'),
('569604549', '653223318'),
('874478925', '391537381'),
('874478925', '635992786'),
('874478925', '179791958'),
('874478925', '110895675'),
('874478925', '294461639'),
('874478925', '526838976'),
('214107732', '159358878'),
('214107732', '966040258'),
('214107732', '118172510'),
('214107732', '166271843'),
('214107732', '144888040'),
('450285267', '294461639'),
('450285267', '444783117'),
('450285267', '965313728'),
('450285267', '874478925'),
('450285267', '865930971'),
('166271843', '994183336'),
('166271843', '874478925'),
('166271843', '736965050'),
('166271843', '865930971'),
('166271843', '110895675'),
('166271843', '144888040'),
('736965050', '144888040'),
('736965050', '130169228'),
('736965050', '998319093'),
('736965050', '222614550'),
('736965050', '635992786'),
('662631789', '214107732'),
('662631789', '391537381'),
('662631789', '736965050'),
('662631789', '865930971'),
('662631789', '344592404'),
('662631789', '144888040'),
('444783117', '998319093'),
('444783117', '428122849'),
('444783117', '391537381'),
('444783117', '736965050'),
('444783117', '294461639'),
('222614550', '118172510'),
('222614550', '853722878'),
('222614550', '965313728'),
('179791958', '450285267'),
('179791958', '130169228'),
('179791958', '214107732'),
('865644837', '284700621'),
('865644837', '530152058'),
('865644837', '635992786'),
('998319093', '569604549'),
('998319093', '733870933'),
('998319093', '865930971'),
('526838976', '144888040'),
('526838976', '874478925'),
('526838976', '294461639'),
('526838976', '166271843'),
('526838976', '994183336'),
('292514990', '444783117'),
('292514990', '294461639'),
('292514990', '865930971');

-- Insert data for Clubs
INSERT INTO Clubs (ClubId, ClubName, Description, LinkTree, CalendarLink, LogoImg) VALUES
(1, 'Thompson, Strickland and Lewis Club', 'Training word answer wind. Account provide culture too every arm onto.', NULL, NULL, NULL),
(2, 'Cline, Long and Mcdaniel Club', NULL, 'https://www.snyder.com/', 'https://perkins-sanchez.com/', 66),
(3, 'Black Group Club', 'To middle its any foot unit. Edge main thing some film. Everyone require again cell happy listen will ok.', NULL, 'http://kelly.com/', 190),
(4, 'Holland Group Club', 'Spend yet water occur cold one write.', 'https://www.compton.net/', 'http://www.hill-mcneil.com/', NULL),
(5, 'Sampson-Wood Club', NULL, 'https://mcdaniel-harmon.com/', 'http://rose-bray.com/', NULL),
(6, 'Harding, Garcia and Evans Club', 'Range involve cover well goal long. Key compare score their. Reveal by fall real always.', 'https://hogan-johnson.com/', 'http://berry-yang.biz/', 27),
(7, 'Frye and Sons Club', 'Nice voice side family tonight participant travel detail.', NULL, NULL, NULL),
(8, 'Wise PLC Club', 'Conference individual continue nor hope beyond education. Believe company difference Mrs financial.', NULL, 'https://kennedy.com/', 76),
(9, 'Hale-Russell Club', NULL, 'https://bishop.com/', NULL, NULL),
(10, 'Thomas-Jackson Club', 'Tonight scene mother how. Will whose able Democrat to race.', 'http://rodriguez.com/', 'http://www.jones.com/', NULL),
(11, 'Daniel-Eaton Club', NULL, NULL, 'https://www.daniels-rose.com/', NULL),
(12, 'Henderson Ltd Club', 'Her meeting scene. Soon home better such herself. Position term property success certainly lawyer.', 'http://www.jones.com/', 'https://www.allen.com/', 66),
(13, 'Taylor-Blake Club', 'Tough daughter many tonight control amount interesting company. Attorney again pattern.', NULL, 'https://hill.org/', 142),
(14, 'Lewis, Taylor and Lee Club', 'Student fact use place show data. Prevent hundred never Mr.', NULL, 'http://www.thomas-kline.com/', 44),
(15, 'Murray-Love Club', 'Action scientist not help position thing often. Pass cultural voice according push bed.', 'https://mccullough.com/', NULL, 28),
(16, 'Marquez, Deleon and Parker Club', 'Our reveal example unit. Stock simply loss relationship hot.', 'http://smith-henderson.biz/', 'https://www.harris.com/', 115),
(17, 'Perkins-Armstrong Club', 'Strategy reduce matter shoulder small determine together. Say force growth person bank yourself. Success where physical spend.', 'https://jackson-carlson.com/', NULL, 58),
(18, 'Phillips-Russell Club', 'Attack firm other. Blue mother quite second politics admit across most.', 'https://aguirre-brown.net/', 'http://lopez-vargas.com/', 72),
(19, 'Turner, Gordon and Sanford Club', 'Scientist chance mention measure ask represent. Involve game sort apply.', NULL, 'https://www.allen.com/', 190),
(20, 'Williamson Inc Club', 'Break Mrs environmental information until discover. Green view nature you. Enjoy stuff dog as color officer significant response.', NULL, 'http://walters.com/', 75),
(21, 'Anderson Group Club', 'Plant main consumer note listen a. Anything another six five trip. South wind buy personal question property.', 'http://www.nielsen.com/', 'http://www.cowan-owen.com/', 108),
(22, 'Richardson-Livingston Club', 'Lead image ten long road bed think. Event finish region art.', NULL, 'http://www.chen.net/', 90),
(23, 'Byrd, Schneider and Beck Club', NULL, NULL, NULL, 150),
(24, 'Page Group Club', 'Describe least apply after research war. Explain case explain finally me couple. Pay risk already visit far investment stand.', 'https://www.charles.com/', NULL, NULL),
(25, 'Cooke-Evans Club', 'Job voice travel east face quality. National style class decide away scene rest population.', 'http://www.hogan-mora.com/', NULL, NULL),
(26, 'Mcgrath, Jimenez and Watkins Club', 'Discuss parent however age also responsibility full blue. Act condition exist.', 'http://rogers-cameron.com/', NULL, 77),
(27, 'Simpson-Arias Club', 'Audience possible could use candidate.', 'https://www.mcdonald.com/', 'https://tanner.com/', 87),
(28, 'Martin-Lopez Club', 'Science recognize not. Movement impact rather impact special need or. Factor suddenly worry share left yard front someone.', NULL, 'https://craig.com/', NULL),
(29, 'Taylor Ltd Club', 'Family not relate pay bit enjoy teach. Economy yet human card song mention let. Development program matter nice billion reduce nature go.', NULL, 'https://fox.biz/', NULL),
(30, 'Brandt PLC Club', 'Analysis off table right tree magazine trial. Him single bar.', 'https://meyers-clark.com/', 'http://www.meyer-griffith.com/', 135);

-- Insert data for Programs
INSERT INTO Programs (ProgramID, ClubID, ProgramName, ProgramDescription, InfoLink) VALUES
(1, 13, 'Secured cohesive initiative', 'Certain nation year no police themselves per.', 'https://kirk.net/'),
(2, 28, 'Upgradable system-worthy support', 'Sense share section. Continue good start sea notice choice yard. Sure participant politics responsibility change front.', 'http://gomez-hernandez.com/'),
(3, 8, 'Reactive leadingedge strategy', 'Off machine four become lay. Small drug authority whose.', 'http://www.lewis.com/'),
(4, 14, 'Upgradable 6thgeneration capability', 'Radio its everybody interview.', 'https://pineda-jacobs.com/'),
(5, 28, 'Sharable clear-thinking monitoring', 'Yourself response a trade option. Different movie hold rich.', 'http://www.miranda.com/'),
(6, 5, 'Reactive 24hour concept', 'Under provide accept pay everybody question finish. Standard increase worry development about stop set consider.', 'https://klein.net/'),
(7, 14, 'Programmable responsive circuit', 'Gas information charge on. Order both another statement consider someone. Newspaper professor business improve laugh.', 'https://weeks.info/'),
(8, 22, 'Fully-configurable national extranet', 'Fish develop than recognize.', 'http://www.boyd.com/'),
(9, 27, 'Robust mission-critical extranet', 'Room whole certain likely happen how.', 'http://martinez.com/'),
(10, 12, 'Diverse neutral Graphic Interface', 'Back foreign just ok understand. Vote seat walk sister hit agency.', 'http://www.stanley.com/'),
(11, 23, 'Centralized zero tolerance capability', 'College nearly see get value. Join peace language home today.', 'http://www.marshall-carroll.com/'),
(12, 30, 'Cross-platform holistic attitude', 'Others above my once impact security list.', 'https://bartlett-russell.com/'),
(13, 8, 'Visionary cohesive synergy', 'Every interview old see lot push. Several knowledge be.', 'http://jones-rodriguez.com/'),
(14, 13, 'Cross-group exuding functionalities', 'Cover your show find. Also expect down employee production focus admit. Too she then.', 'http://mcbride.org/'),
(15, 1, 'Multi-tiered well-modulated knowledge user', 'Me range enough contain. More cultural cost himself image season receive source. Hundred give herself modern.', 'https://ibarra.com/'),
(16, 15, 'Ergonomic non-volatile open system', 'Put late case go ever cost understand. Walk wall evening field many. Thought probably send traditional why blue. Others much her rock eight half.', 'http://stone-moore.org/'),
(17, 12, 'Re-contextualized high-level toolset', 'Continue bank spring need. Pressure must process indicate put already health career. Traditional win opportunity official strategy source.', 'https://alexander-wallace.info/'),
(18, 4, 'Assimilated radical archive', 'Director suggest almost thousand unit level.', 'https://rowe.com/'),
(19, 23, 'Multi-tiered fault-tolerant software', 'Face story order performance commercial local. Figure cultural man fill upon charge.', 'https://www.washington.org/'),
(20, 16, 'Profound high-level budgetary management', 'Tonight population right more box once theory. Eight team coach. Mission simple late. Six meeting them gun.', 'http://maynard-graham.com/'),
(21, 29, 'Quality-focused actuating neural-net', 'Hand kind pull he someone do hair. Available state kid. Baby firm far available.', 'http://www.powell.info/'),
(22, 27, 'Ameliorated cohesive forecast', 'Opportunity question turn growth hour. Send experience again house. Small ask local president determine move American positive.', 'https://www.gardner-cox.com/'),
(23, 29, 'Multi-channeled leadingedge moderator', 'Clearly magazine red common century. Live trip you myself edge window skill. Fine fly over respond child.', 'https://stewart-rose.com/'),
(24, 12, 'Configurable zero tolerance analyzer', 'End view political vote such. She forward movement thus.', 'http://dennis.com/'),
(25, 4, 'Re-contextualized solution-oriented hardware', 'Someone themselves return American manager interview one. Own thank community when test.', 'https://www.cooke-english.info/'),
(26, 20, 'Stand-alone cohesive approach', 'House coach computer. Memory impact important red reflect hundred.', 'http://turner.org/'),
(27, 9, 'Synergized actuating focus group', 'Within her law environment. One religious action team need American friend.', 'http://www.lara-austin.net/'),
(28, 3, 'Intuitive fresh-thinking challenge', 'Ever imagine surface cold. Media seat response paper.', 'https://dominguez.com/'),
(29, 17, 'Integrated motivating task-force', 'Now into enter staff enter next always. Contain produce year determine.', 'http://www.hill.com/'),
(30, 7, 'Right-sized intermediate extranet', 'Cover hotel truth report at. Policy it program article director benefit. Return relationship pick from.', 'http://thomas.com/'),
(31, 1, 'User-friendly bandwidth-monitored attitude', 'Drive trial between yard. Rise buy war lose commercial. Various need main no body not Republican.', 'http://brown.info/'),
(32, 4, 'Function-based empowering structure', 'Hour anything west get let guess. Guess friend later wind too approach us. Side order fast offer heavy focus letter money. Opportunity movement arrive college.', 'http://thompson.net/'),
(33, 13, 'Inverse mission-critical solution', 'Police film plant fear. Mother data art woman single space president. Happen something down style.', 'http://www.gillespie.biz/'),
(34, 21, 'Front-line zero administration analyzer', 'Common among recently type business yard. Well people country attack factor.', 'https://www.dorsey.net/'),
(35, 11, 'Self-enabling heuristic monitoring', 'Inside summer hospital. Method necessary every win.', 'http://www.freeman-ford.com/'),
(36, 18, 'Exclusive didactic parallelism', 'Look second direction him teacher. Loss support black success prove section scene all. Happen every program true few drive.', 'http://greer.biz/'),
(37, 16, 'Reverse-engineered motivating structure', 'Radio politics gas. Home from common go four positive.', 'https://phelps-jones.com/'),
(38, 21, 'Self-enabling demand-driven superstructure', 'Level owner interview single. World specific baby decade after trip.', 'https://torres.net/'),
(39, 6, 'Seamless eco-centric analyzer', 'Into somebody resource property day fly method. Culture per before blood.', 'https://berger.com/'),
(40, 8, 'Visionary fresh-thinking firmware', 'Girl later writer road process find. Summer environment very even beat way half.', 'https://www.williams.biz/'),
(41, 24, 'Ameliorated multimedia Graphical User Interface', 'General future above.', 'http://www.guerra.com/'),
(42, 9, 'Innovative real-time matrix', 'Guy toward woman better then agree. Thus various head four seat may.', 'https://bender.net/'),
(43, 14, 'Universal fault-tolerant implementation', 'Amount rise may free. Well newspaper amount although drive.', 'http://potts.com/'),
(44, 1, 'Balanced full-range toolset', 'Feel laugh late tough surface story able record.', 'https://www.camacho.com/'),
(45, 5, 'Virtual solution-oriented contingency', 'Edge American certain main. Woman sometimes analysis still laugh truth. Final newspaper often bank peace.', 'https://www.morgan.com/'),
(46, 4, 'Robust scalable conglomeration', 'Include article conference. Sister because range student how I.', 'http://www.todd.com/'),
(47, 6, 'Reduced static time-frame', 'Serve knowledge effect civil send TV. While win Mr road ball all body.', 'https://www.dominguez.com/'),
(48, 13, 'User-centric transitional moderator', 'The investment still may can gun will. Point the morning staff group instead race.', 'http://www.gay.com/'),
(49, 8, 'Cross-platform fresh-thinking system engine', 'Still this piece as hope real term certain. Sort someone power yet. Participant recently media particularly top low.', 'http://www.martinez-mercado.com/'),
(50, 29, 'Optional real-time moratorium', 'Despite friend suggest it sea center. Major whatever interesting high final.', 'http://www.wilson-li.info/'),
(51, 4, 'Extended coherent productivity', 'Take exactly compare parent center term. Role why enjoy door. Son movie throughout fish bed.', 'https://www.anderson-johnson.net/'),
(52, 7, 'Innovative modular time-frame', 'Way mind summer certainly. Water position much trial include hand and.', 'http://www.jackson.com/'),
(53, 24, 'Programmable global extranet', 'Consider account free owner situation actually alone loss. Force religious production source.', 'https://fisher.com/'),
(54, 14, 'Mandatory stable architecture', 'Cultural game left whose interest. Project know from guess government. Happy understand town very listen contain arrive. Little your ball morning financial.', 'https://howard-allen.com/'),
(55, 22, 'Down-sized secondary frame', 'Onto team young point explain activity role politics. Read rather goal financial real not audience.', 'http://www.wilson.info/'),
(56, 1, 'Innovative stable process improvement', 'Already window relate accept back. Yet population during test despite report food. Onto there staff against.', 'http://www.lyons.com/'),
(57, 7, 'Front-line system-worthy throughput', 'Sing join court guess forget respond still. Data become responsibility life.', 'http://sandoval.net/'),
(58, 19, 'User-friendly encompassing Local Area Network', 'Game those nature attorney floor.', 'https://burch-wilson.com/'),
(59, 15, 'Multi-channeled empowering paradigm', 'Pull piece exactly mission stand approach. Radio watch doctor win expect picture.', 'https://www.duran.org/'),
(60, 14, 'Cross-group secondary initiative', 'Tree option job how early possible. Finally hear we drop these glass summer we. Either brother increase kind box admit once.', 'http://www.lewis.com/');

-- Insert data for Participates
INSERT INTO Participates (NUID, ProgramID) VALUES
('635992786', 22),
('635992786', 37),
('635992786', 25),
('635992786', 27),
('994183336', 59),
('994183336', 27),
('994183336', 4),
('965313728', 42),
('965313728', 46),
('653223318', 60),
('653223318', 59),
('653223318', 7),
('653223318', 24),
('110895675', 1),
('110895675', 20),
('110895675', 50),
('724212731', 30),
('724212731', 43),
('615402399', 53),
('615402399', 42),
('615402399', 7),
('615402399', 52),
('344592404', 29),
('344592404', 28),
('344592404', 52),
('344592404', 9),
('130169228', 6),
('130169228', 11),
('118172510', 29),
('118172510', 37),
('159358878', 2),
('159358878', 21),
('159358878', 55),
('853722878', 21),
('853722878', 54),
('853722878', 22),
('284700621', 36),
('284700621', 35),
('284700621', 32),
('530152058', 41),
('530152058', 21),
('530152058', 28),
('391537381', 12),
('391537381', 51),
('865930971', 32),
('865930971', 31),
('733870933', 49),
('733870933', 37),
('733870933', 35),
('733870933', 6),
('966040258', 18),
('966040258', 35),
('966040258', 21),
('428122849', 23),
('428122849', 36),
('428122849', 51),
('144888040', 45),
('144888040', 55),
('144888040', 35),
('294461639', 45),
('294461639', 12),
('294461639', 22),
('569604549', 7),
('569604549', 30),
('874478925', 30),
('874478925', 51),
('874478925', 29),
('214107732', 46),
('214107732', 37),
('214107732', 14),
('214107732', 28),
('450285267', 44),
('450285267', 49),
('166271843', 53),
('166271843', 23),
('736965050', 21),
('736965050', 28),
('736965050', 53),
('662631789', 34),
('662631789', 7),
('662631789', 51),
('444783117', 46),
('444783117', 23),
('222614550', 44),
('222614550', 59),
('222614550', 29),
('222614550', 55),
('179791958', 52),
('179791958', 43),
('865644837', 43),
('865644837', 3),
('998319093', 24),
('998319093', 38),
('526838976', 1),
('526838976', 13),
('526838976', 52),
('526838976', 2),
('292514990', 44),
('292514990', 26),
('292514990', 33),
('853722878', 13),
('569604549', 21),
('569604549', 28),
('865930971', 51),
('284700621', 60),
('222614550', 57),
('635992786', 15),
('391537381', 57),
('444783117', 48),
('853722878', 49),
('222614550', 9),
('130169228', 30),
('526838976', 43),
('874478925', 40),
('391537381', 21),
('994183336', 7),
('159358878', 9),
('344592404', 50),
('344592404', 22),
('662631789', 38),
('569604549', 50),
('998319093', 23),
('530152058', 25),
('724212731', 28),
('284700621', 29);

-- Insert data for ApplicationStatus
INSERT INTO ApplicationStatus (StatusID, StatusText) VALUES
(1, 'Open'),
(2, 'Closed'),
(3, 'Under Review'),
(4, 'Completed');

-- Insert data for Applications
INSERT INTO Applications (ApplicationID, NAME, ProgramId, Description, Deadline, ApplyLink, PostedDate, Status) VALUES
(1, 'brand enterprise ROI', 14, NULL, '2025-03-11 17:42:57', 'http://www.hernandez.info/', '2024-11-13 13:29:30', 1),
(2, 'orchestrate interactive niches', 12, NULL, '2025-02-28 16:47:27', 'http://hernandez.com/', '2025-01-08 11:43:35', 3),
(3, 'transition transparent technologies', 8, NULL, '2025-02-07 11:06:00', 'https://www.church-schmidt.com/', '2024-12-18 16:13:17', 3),
(4, 'orchestrate mission-critical technologies', 60, 'Issue firm on yeah television join material build.', '2024-10-18 20:20:06', 'https://www.miller.com/', '2024-09-18 12:35:41', 2),
(5, 'repurpose turn-key content', 37, 'Measure sell keep data forget. Through indicate parent nearly near anything.', '2024-12-17 01:48:42', 'http://jackson-zhang.com/', '2024-10-18 23:24:01', 4),
(6, 'implement back-end eyeballs', 17, 'Inside world beat. Husband too nearly design crime street difference. Bag role better population response mission.', '2024-12-07 01:02:45', 'http://www.smith-mcguire.com/', '2024-11-15 03:39:32', 3),
(7, 'extend holistic metrics', 52, 'Similar appear on mouth teacher.', '2024-12-31 15:20:51', 'https://www.maldonado-barajas.com/', '2024-09-11 14:57:58', 1),
(8, 'revolutionize 24/365 markets', 56, 'Trial through oil cut young. Threat citizen west everybody wait board. Though research music whatever decade mission win.', '2025-04-17 03:05:52', 'http://www.hernandez.org/', '2024-06-27 11:49:48', 1),
(9, 'syndicate strategic solutions', 39, NULL, '2024-11-13 12:18:31', 'http://garrett.com/', '2024-09-26 00:12:31', 2),
(10, 're-intermediate web-enabled portals', 46, 'Owner play of education industry recognize later authority. Cover today growth more serious number catch million.', '2025-03-27 18:10:51', 'https://miller.com/', '2024-08-12 05:42:05', 2),
(11, 'unleash seamless e-tailers', 24, 'Fall hold build trial movement. Star benefit deal economic success painting there. Control room anyone continue hand.', '2024-11-14 21:22:36', 'http://carter.com/', '2024-09-15 08:44:12', 3),
(12, 'enable distributed e-markets', 3, 'Task ok color feeling star fast tend. Spend page must expert ahead make.', '2024-11-13 03:51:48', 'http://sawyer-miller.info/', '2024-05-10 11:09:32', 1),
(13, 'orchestrate 24/365 schemas', 58, 'Hit team vote price. Rather expect care across executive.', '2024-12-08 18:15:29', 'https://www.arroyo-norris.com/', '2024-11-22 12:30:23', 1),
(14, 'incentivize B2C content', 6, 'Among staff near public hotel religious. Program some wind more.', '2025-02-13 19:49:19', 'http://www.day.net/', '2024-09-26 19:14:45', 3),
(15, 'architect rich action-items', 28, 'Single speak produce thus bar various dark. Spend value computer interest.', '2025-02-11 09:32:04', 'http://www.collins-hancock.info/', '2024-07-30 07:58:27', 3),
(16, 'generate B2C infrastructures', 2, 'Investment current better coach mouth.', '2025-02-28 10:59:19', 'http://reed.biz/', '2024-11-17 00:32:57', 1),
(17, 'seize virtual portals', 13, NULL, '2024-12-13 14:53:12', 'http://www.perez.com/', '2024-08-13 09:45:40', 3),
(18, 'extend out-of-the-box channels', 27, 'Upon include people hospital their stock tough. Indeed true both almost stop interview Republican.', '2025-04-12 22:03:06', 'http://hampton-schwartz.org/', '2024-05-08 22:27:17', 2),
(19, 'benchmark plug-and-play architectures', 55, 'Laugh dream garden name democratic number. Various fall anyone. Agreement lot painting position try.', '2025-01-27 04:44:18', 'https://montoya.com/', '2024-11-16 01:12:04', 4),
(20, 'unleash back-end content', 27, 'Crime set inside address debate politics. War baby capital finish company.', '2025-04-07 17:19:59', 'https://www.brown-griffin.com/', '2025-03-07 19:36:34', 3),
(21, 'reinvent plug-and-play networks', 9, 'Book wish card for opportunity mean administration. Thus suggest ability several on.', '2024-07-20 22:02:31', 'http://www.stevenson.org/', '2024-05-21 21:08:36', 3),
(22, 'empower best-of-breed content', 29, 'There size six thus his dream hope. Road create like consumer relate a space.', '2024-12-21 07:37:44', 'https://bryant.com/', '2024-06-26 00:13:40', 4),
(23, 'incubate end-to-end web services', 32, 'Father while pattern TV. Side mean partner air best.', '2024-12-24 01:10:11', 'http://www.werner-luna.com/', '2024-10-19 03:37:33', 3),
(24, 're-intermediate bleeding-edge communities', 28, 'Idea star need put realize great challenge exist. Begin its nice rich. Kitchen sell many bring century by. Administration different wrong suddenly me.', '2025-03-31 09:06:41', 'http://reed-orr.com/', '2025-02-21 20:59:48', 1),
(25, 'embrace clicks-and-mortar functionalities', 27, 'Set window treatment detail. Garden born responsibility sure finally near need system. Somebody economic movement create take race stop.', '2025-03-26 19:32:16', 'https://www.lawrence.org/', '2024-10-20 02:24:43', 2),
(26, 'visualize leading-edge convergence', 42, 'Weight shoulder particular young career teach occur area. Hotel image check cultural. Total player newspaper run near energy explain.', '2025-04-01 11:02:10', 'http://www.kelley.net/', '2025-03-16 20:29:36', 1),
(27, 'strategize leading-edge partnerships', 47, 'Agreement left describe because. Already plant care within. Professional together control station.', '2024-09-01 14:50:22', 'http://www.hendricks.net/', '2024-07-30 22:22:06', 3),
(28, 'harness holistic partnerships', 44, 'Visit exist goal real heart. Century back game point mother sense. Personal explain measure reason choice college.', '2025-03-05 06:44:17', 'http://cooper.com/', '2025-01-16 12:49:51', 3),
(29, 'aggregate value-added initiatives', 31, 'Give or book scene. View simply city community remain picture thank. Find particularly partner when without message.', '2025-03-09 17:04:21', 'https://mejia.com/', '2024-12-28 09:25:03', 1),
(30, 'revolutionize one-to-one communities', 22, 'No enough step improve edge. Very toward meeting now painting rock.', '2024-11-14 05:33:29', 'http://dunn-wilson.com/', '2024-09-24 05:04:33', 2),
(31, 're-intermediate wireless e-services', 1, 'Response between new eight.', '2025-04-07 09:23:46', 'https://www.nguyen-winters.net/', '2025-03-18 01:50:25', 1),
(32, 're-intermediate robust synergies', 24, NULL, '2025-04-04 09:41:38', 'http://www.thompson.com/', '2025-03-13 00:51:46', 2),
(33, 'harness global metrics', 43, 'Detail into admit bring. Career poor high cold total alone.', '2025-04-09 14:31:15', 'https://www.alvarado-giles.com/', '2025-03-22 04:03:32', 3),
(34, 'seize killer niches', 33, 'Natural that nation woman official alone.', '2025-01-13 06:17:31', 'http://www.baker-johnson.com/', '2024-11-24 01:25:04', 1),
(35, 'optimize global architectures', 38, 'Do girl experience reach party why. Charge sit perhaps.', '2024-10-19 02:59:48', 'http://www.ford-garrett.biz/', '2024-09-06 12:47:40', 1),
(36, 'implement transparent experiences', 25, 'Poor simple money fact modern. Statement above market medical. Small bad them force.', '2024-08-31 19:49:43', 'https://www.sharp-morris.com/', '2024-07-09 22:22:49', 1),
(37, 'transform turn-key partnerships', 49, NULL, '2025-04-15 04:02:39', 'https://white.com/', '2024-12-27 16:49:24', 4),
(38, 'innovate mission-critical schemas', 7, 'Traditional election raise usually artist bring. High benefit activity popular someone.', '2024-10-09 14:02:36', 'https://kramer-townsend.net/', '2024-06-21 09:08:40', 2),
(39, 'reinvent back-end metrics', 58, 'Adult kind knowledge travel prove foreign. Will friend piece. List century road teacher short. See cultural audience season draw soon network.', '2024-05-03 03:30:59', 'http://rogers-hall.net/', '2024-04-17 17:27:59', 2),
(40, 're-contextualize end-to-end solutions', 13, 'Small worry military to. Just risk theory budget until while law almost. Congress treat never staff page. Walk level effect again.', '2025-01-03 12:42:17', 'https://williams.com/', '2024-10-18 21:07:15', 2),
(41, 'transition collaborative experiences', 45, 'Trip community performance serve enjoy star respond. Ball military hope yeah. Agreement drive word interview population. Himself them citizen perform.', '2025-04-14 01:37:51', 'https://murphy.info/', '2025-04-13 08:10:23', 2),
(42, 'implement cross-platform paradigms', 39, 'Base form serious information quality else. Away peace debate important federal. Environmental result guy.', '2025-01-18 04:06:07', 'http://www.white.com/', '2024-11-08 07:34:51', 1),
(43, 'seize efficient solutions', 26, 'Again face above provide course matter fight. Region realize then other over.', '2025-02-10 02:15:39', 'https://www.wilson-yang.com/', '2024-12-25 08:25:29', 2),
(44, 'generate e-business initiatives', 54, 'Without year control. Expert best throughout voice. Difference raise health water such.', '2025-03-23 20:12:43', 'http://miller.com/', '2024-09-22 05:52:56', 4),
(45, 'reinvent dot-com relationships', 44, NULL, '2025-03-25 20:10:59', 'https://burnett.info/', '2025-01-10 12:06:33', 1),
(46, 'redefine front-end relationships', 21, NULL, '2025-04-14 21:51:49', 'http://www.baxter.com/', '2025-03-31 21:53:08', 4),
(47, 'generate leading-edge applications', 1, 'Their walk anything. Nature four response paper tax player worker adult. Economic doctor work during cold. Same tell director task.', '2025-02-16 06:55:26', 'https://jones-bailey.com/', '2024-06-01 15:38:26', 2),
(48, 'incubate compelling users', 48, 'Again strong able. Ago hair option may agent.', '2024-12-20 10:55:38', 'https://wright.biz/', '2024-11-11 02:34:49', 1),
(49, 'reinvent 24/365 communities', 60, 'Work itself good continue kid analysis professor pull. Involve only security box contain surface.', '2024-12-18 06:59:48', 'https://www.robinson.com/', '2024-10-21 01:28:30', 1),
(50, 'envisioneer bleeding-edge vortals', 60, NULL, '2024-12-18 14:29:50', 'https://www.kirby.com/', '2024-12-08 02:40:18', 4),
(51, 'strategize dynamic convergence', 8, 'Sing talk pull unit style in road day. Church describe teacher performance.', '2025-01-28 21:47:14', 'http://www.vega-cruz.com/', '2024-12-02 22:45:56', 1),
(52, 'morph granular methodologies', 49, 'Development TV economy hear question color international pressure. Even white growth school contain. Matter card class contain sense.', '2025-03-15 14:40:46', 'http://green.com/', '2025-03-06 17:49:19', 1),
(53, 'evolve next-generation e-commerce', 49, 'Available wear opportunity let. Message community Mr entire foot.', '2024-07-10 23:01:21', 'https://rasmussen.com/', '2024-04-22 06:41:14', 3),
(54, 'enable revolutionary e-commerce', 42, 'Identify interest account with evening hope community wind. Whole expect seven project anyone lawyer despite. Election need north officer trade black reduce.', '2025-01-25 22:46:39', 'https://www.fitzpatrick.com/', '2024-07-06 00:43:46', 3),
(55, 'transition mission-critical e-commerce', 6, 'Discussion as gas billion you blood collection. Car answer throw.', '2025-01-06 23:50:47', 'http://nelson-huff.com/', '2024-05-31 21:21:05', 3),
(56, 'drive B2C bandwidth', 60, 'Believe long quickly claim energy. Listen media wind inside.', '2025-03-10 20:31:41', 'https://shannon.com/', '2025-02-09 15:27:59', 3),
(57, 'synergize best-of-breed deliverables', 49, 'See of Mrs national also.', '2025-03-22 14:28:35', 'https://www.lane-mcclure.com/', '2024-12-19 19:01:16', 1),
(58, 'leverage transparent methodologies', 22, 'Reality personal product open price. Room offer use. Happen enjoy follow each experience blood share.', '2024-10-17 10:13:52', 'https://smith.net/', '2024-10-06 05:30:55', 1),
(59, 'iterate world-class eyeballs', 54, 'Plan senior now never inside member check. Behavior resource mouth.', '2025-04-17 04:32:07', 'https://www.ramos-powell.com/', '2025-02-28 18:35:13', 2),
(60, 'harness real-time functionalities', 43, 'Subject bar table that specific wrong. Customer second when history as again. Theory respond medical food.', '2024-09-23 12:55:30', 'https://www.jensen-bruce.org/', '2024-04-22 00:28:17', 1),
(61, 'synthesize interactive mindshare', 18, 'Guy race cold statement even center.', '2025-01-23 00:51:01', 'https://torres-holland.com/', '2024-10-24 04:48:44', 3),
(62, 'aggregate 24/7 infrastructures', 58, NULL, '2024-11-05 01:27:22', 'http://brown.com/', '2024-10-21 18:10:07', 3),
(63, 'disintermediate robust relationships', 52, NULL, '2024-10-28 08:14:24', 'https://www.mcdonald.com/', '2024-09-12 21:17:50', 2),
(64, 'innovate customized e-business', 56, 'Impact several walk into. Could finish none think citizen well low.', '2025-03-14 13:55:37', 'http://ross.com/', '2025-01-18 16:41:48', 3),
(65, 'iterate rich channels', 46, 'Meeting or of door very myself body. Or season management center travel.', '2024-09-01 14:05:52', 'http://jones.org/', '2024-06-12 09:33:50', 2);

-- Insert data for StudentApplication
INSERT INTO StudentApplication (NUID, ApplicationID) VALUES
('724212731', 1),
('865930971', 1),
('526838976', 1),
('966040258', 1),
('166271843', 1),
('998319093', 3),
('450285267', 3),
('428122849', 3),
('724212731', 8),
('391537381', 8),
('118172510', 8),
('635992786', 8),
('865930971', 8),
('853722878', 9),
('294461639', 10),
('110895675', 10),
('994183336', 11),
('874478925', 12),
('724212731', 12),
('222614550', 12),
('733870933', 13),
('179791958', 14),
('530152058', 14),
('662631789', 14),
('344592404', 14),
('662631789', 15),
('144888040', 16),
('222614550', 16),
('865930971', 16),
('214107732', 17),
('526838976', 17),
('733870933', 17),
('166271843', 18),
('736965050', 18),
('724212731', 18),
('635992786', 18),
('569604549', 18),
('966040258', 20),
('998319093', 20),
('130169228', 21),
('998319093', 21),
('662631789', 22),
('222614550', 22),
('733870933', 22),
('724212731', 22),
('450285267', 22),
('733870933', 23),
('736965050', 23),
('292514990', 25),
('526838976', 25),
('294461639', 25),
('450285267', 25),
('159358878', 26),
('569604549', 26),
('159358878', 27),
('865930971', 27),
('214107732', 27),
('344592404', 27),
('284700621', 28),
('865930971', 28),
('118172510', 29),
('874478925', 29),
('653223318', 29),
('874478925', 30),
('110895675', 30),
('526838976', 30),
('994183336', 31),
('865644837', 31),
('724212731', 31),
('159358878', 31),
('144888040', 31),
('284700621', 32),
('292514990', 32),
('144888040', 32),
('391537381', 32),
('130169228', 33),
('292514990', 33),
('118172510', 34),
('724212731', 34),
('874478925', 34),
('130169228', 37),
('998319093', 40),
('853722878', 40),
('569604549', 40),
('294461639', 40),
('724212731', 40),
('428122849', 43),
('450285267', 43),
('130169228', 43),
('444783117', 43),
('144888040', 43),
('662631789', 44),
('733870933', 44),
('179791958', 44),
('130169228', 45),
('166271843', 47),
('292514990', 47),
('450285267', 47),
('569604549', 47),
('653223318', 47),
('733870933', 49),
('966040258', 49),
('635992786', 49),
('853722878', 49),
('736965050', 49),
('736965050', 50),
('159358878', 50),
('965313728', 50),
('294461639', 52),
('292514990', 52),
('662631789', 52),
('865644837', 52),
('179791958', 52),
('391537381', 53),
('966040258', 54),
('450285267', 54),
('292514990', 54),
('428122849', 54),
('736965050', 56),
('110895675', 56),
('569604549', 56),
('344592404', 56),
('998319093', 56),
('166271843', 57),
('110895675', 58),
('733870933', 58),
('130169228', 58),
('874478925', 58),
('118172510', 58),
('344592404', 60),
('144888040', 60),
('733870933', 60),
('530152058', 60),
('653223318', 61),
('428122849', 61),
('874478925', 61),
('159358878', 62),
('530152058', 62),
('144888040', 62),
('179791958', 62),
('569604549', 63),
('214107732', 64),
('284700621', 64),
('998319093', 64),
('653223318', 64),
('965313728', 65),
('994183336', 65),
('292514990', 65);

-- Insert data for Feedback
INSERT INTO Feedback (FeedbackId, Description, Rating, NUID, ClubID) VALUES
(1, 'Loss operation as describe soon total skill. Mrs in business. Explain per source go happy under similar.', 3, '966040258', 2),
(2, 'Its recent plant audience answer top. Modern someone tree send quickly answer.', 1, '166271843', 2),
(3, 'Interesting feel everything beyond item appear. Art process we would human argue.', 2, '166271843', 3),
(4, 'Capital to design design read. Pm wonder believe heavy. Major beyond become sure center structure film.', 4, '530152058', 3),
(5, 'Majority effect eye choice so administration. Skill economic customer statement it describe. Really risk authority nature situation social really.', 1, '391537381', 3),
(6, NULL, 5, '853722878', 3),
(7, 'Politics car through put kitchen culture method. Worry remain affect.', 5, '130169228', 3),
(8, 'Little remember government two feel option. Try despite military same on impact trade.', 4, '994183336', 3),
(9, 'Over growth smile recently. Old begin fly down short. Physical join take image certainly.', 2, '733870933', 3),
(10, 'Three step join low point movement. Quickly suggest party ask bad. She town value over part.', 3, '653223318', 4),
(11, 'Child everybody region show again. Own out large three since certain. Return attorney story share nice most. Foreign such chair thank over.', 3, '724212731', 4),
(12, 'Activity anyone third or. Partner hot agreement cost front bill. Necessary style those once produce detail.', 2, '110895675', 4),
(13, 'During Congress religious democratic enjoy. Sport still recent story spring.', 1, '284700621', 4),
(14, 'To scientist any land send hotel almost. In behavior scientist detail.', 4, '166271843', 4),
(15, 'Leader listen identify why war surface of. Include involve rather worry.', 4, '569604549', 4),
(16, 'Bill cup out bed professional. Kind Republican like through news. Second century team relate along.', 2, '994183336', 4),
(17, 'Study manager house other value culture. Respond carry agreement change third federal.', 5, '653223318', 6),
(18, NULL, 1, '865644837', 6),
(19, 'Take more expect discussion pressure. Mean my let player. Article government buy heavy involve let claim.', 3, '994183336', 6),
(20, 'Firm east plan police necessary. Both feel ability ok outside. Home whom center man participant matter. Worker truth too may blue not down.', 1, '444783117', 6),
(21, 'Although arrive do company line camera among yourself.', 1, '159358878', 6),
(22, 'Describe song black movement. Itself fire management loss among bad indicate. Special husband administration tell ahead especially operation low.', 5, '526838976', 6),
(23, 'Partner collection set alone. Single value professor.', 5, '736965050', 6),
(24, 'Low effect dinner high system somebody. There focus trial never here. Discussion majority language easy air care song.', 3, '144888040', 6),
(25, NULL, 3, '179791958', 6),
(26, 'Free deal behavior medical they itself.', 2, '118172510', 7),
(27, 'Source after company science. Sit cost there.', 3, '865644837', 8),
(28, 'Seat attack clearly. Order spend him total final sort happy. Visit human particularly church travel situation today. Structure blue subject condition pretty artist example off.', 3, '179791958', 9),
(29, 'Church fact husband score. Court member window form open instead ago.', 2, '428122849', 9),
(30, 'Leg key significant rate mission cup. Employee star plan traditional game full. Action model give begin on test character. Economic arrive article group government.', 2, '214107732', 9),
(31, NULL, 4, '118172510', 9),
(32, 'Leave free cultural discuss marriage way. Century travel international score nature. Prove rest trade hand.', 4, '965313728', 9),
(33, 'Last score second quickly near possible suddenly. Another offer participant skill field. Vote probably focus challenge amount bank just. Year school more oil.', 5, '344592404', 9),
(34, 'Nation on north else. Sell job any price decide. Off certainly ability. Her individual bar shake past weight notice.', 1, '724212731', 9),
(35, NULL, 1, '662631789', 11),
(36, 'After under scientist people parent study page surface. Gas building later range necessary economic. Stand rest outside religious cause. Sport certainly address available safe else.', 4, '966040258', 12),
(37, 'Especially put often scientist. Only ten bad never leave particularly actually.', 3, '965313728', 12),
(38, 'Trouble police special care. Reality PM form bar. Require meet should activity black.', 1, '130169228', 12),
(39, 'Shake at guess. Sell plan remain food focus daughter all. Serious water store bar offer hour appear.', 2, '344592404', 12),
(40, 'Before prove already during. Word wish lead resource news. Every choose difference note. Party knowledge traditional operation person ball.', 3, '214107732', 12),
(41, 'Tree particularly environment tonight technology compare occur. Tend century poor newspaper Congress major number. Address themselves consumer require join.', 2, '428122849', 12),
(42, 'Head base west. Film daughter perhaps ago human.', 2, '444783117', 13),
(43, 'Health bar material day surface stop. Before power animal community. And upon many game. Station once know easy.', 4, '635992786', 13),
(44, 'Near enough finish everything. Often light personal trial player. Family ago certain itself authority.', 2, '736965050', 13),
(45, 'Enjoy true whose wind other right. Which forward nearly value something.', 2, '118172510', 13),
(46, 'Nice material office out star baby give. Someone line word choice few begin. Several chair scientist poor.', 5, '966040258', 13),
(47, 'Two out significant music fire alone. Role growth church skin back situation glass.', 4, '724212731', 13),
(48, 'High current commercial way. Outside mouth purpose husband.', 4, '853722878', 13),
(49, 'Move or from thank center important. Program system save small ahead. Hear history war list behavior brother sure.', 2, '874478925', 13),
(50, NULL, 4, '428122849', 13),
(51, 'Red camera up security threat. Many authority teach give central travel building.', 3, '166271843', 13),
(52, 'Scientist down ever he. Travel black training.', 3, '853722878', 14),
(53, 'Make loss five field green. Rich technology chance development either.', 1, '284700621', 14),
(54, 'Member scene available pull itself during sing garden. Goal own worry them four. Street enter same.', 3, '530152058', 14),
(55, 'Should home speak executive some. Already step eye rise old.', 2, '444783117', 14),
(56, NULL, 3, '222614550', 14),
(57, NULL, 2, '284700621', 15),
(58, 'True role head throughout public. Sign cup street enough smile she stage.', 1, '444783117', 15),
(59, NULL, 2, '615402399', 15),
(60, 'Baby serious picture individual investment. Fly former none fact policy south option.', 2, '118172510', 15),
(61, 'Relationship trade store radio kid bar present. Describe note star himself attack movement.', 4, '159358878', 15),
(62, NULL, 4, '724212731', 15),
(63, 'Catch mission politics along cup.', 4, '736965050', 15),
(64, 'Interview wife mission collection. Draw PM admit him figure thousand former throughout. Push center school let two.', 1, '222614550', 16),
(65, 'Arrive responsibility society boy. Professor owner authority among important claim. Close skin style reduce live moment item.', 1, '526838976', 16),
(66, NULL, 3, '733870933', 16),
(67, NULL, 5, '724212731', 17),
(68, NULL, 1, '294461639', 17),
(69, 'Item environmental page hospital cost amount Mr. Talk leader identify without now.', 2, '853722878', 18),
(70, NULL, 3, '292514990', 19),
(71, 'Bag high theory edge local moment. Oil reach cut rest while civil room. Bring simple station seat.', 2, '853722878', 19),
(72, 'Stock dog age admit daughter. Wonder improve shake tonight rule room ability.', 3, '118172510', 19),
(73, 'Purpose term also team send. Ten build author minute bill. Clearly hope travel.', 5, '966040258', 19),
(74, 'Reflect yes town detail talk result bar. To bit according expect.', 5, '159358878', 19),
(75, NULL, 3, '110895675', 19),
(76, 'Bag entire citizen under. Say fast also traditional.', 5, '450285267', 19),
(77, NULL, 2, '444783117', 20),
(78, NULL, 5, '450285267', 20),
(79, 'Six staff attorney next front respond mean. Well answer well energy significant attention. Treatment nation arm win imagine job.', 1, '865644837', 21),
(80, NULL, 3, '733870933', 21),
(81, NULL, 1, '110895675', 21),
(82, NULL, 4, '998319093', 21),
(83, 'Behind research kind later race economy whom.', 4, '865930971', 21),
(84, 'Indicate mother draw risk law store focus at. Rate system article area. Popular exist tend final.', 2, '110895675', 22),
(85, 'Yeah present once wide clear indicate Mr mother. Candidate stay language five security. Especially feel past court.', 5, '214107732', 22),
(86, 'Point thousand light financial exist policy success continue. Practice they thought allow cup woman film. Girl present street its writer situation.', 5, '292514990', 22),
(87, 'Meet fast have house however. Should catch window area room vote.', 4, '865930971', 22),
(88, NULL, 5, '130169228', 22),
(89, 'Meet if idea time yes I without. Make better hot high. Anything particularly step others.', 3, '615402399', 22),
(90, NULL, 4, '391537381', 22),
(91, NULL, 3, '526838976', 23),
(92, 'Woman line face energy kitchen skill front. Must however find prevent rule part no. Mouth along market.', 3, '530152058', 23),
(93, NULL, 1, '966040258', 23),
(94, 'Community Democrat front star. Face respond force. Mr movie can firm instead.', 4, '292514990', 24),
(95, 'Hair participant green herself will never father. Budget every party style current.', 4, '724212731', 24),
(96, 'Management play provide. Thought two source despite.', 1, '144888040', 24),
(97, NULL, 1, '733870933', 24),
(98, NULL, 3, '653223318', 25),
(99, 'Memory chair us federal cell end boy. People ten through speech. Rise blood task institution economic.', 4, '615402399', 25),
(100, 'Population place environmental community. Respond little tend plant.', 5, '444783117', 25),
(101, 'Inside wife else plan claim. Add town begin drug goal likely share thank. Choice early walk.', 1, '662631789', 25),
(102, 'Trip resource treat drug. Career read at citizen agency brother. Voice task approach summer former. Few between somebody throughout.', 4, '159358878', 25),
(103, NULL, 3, '874478925', 25),
(104, 'Sing still product about miss grow. Trial ball cause campaign source heart turn difference. Process share garden.', 1, '344592404', 25),
(105, 'Most certainly many. Instead answer able expect direction property face. Something entire continue any measure million culture. Candidate few common group top travel.', 3, '284700621', 25),
(106, 'Few ago plant parent same let choose. Your senior every however condition.', 4, '526838976', 26),
(107, 'Feeling admit decade usually oil both nice. Local fill despite attorney behavior TV. Research finish also. Only pay various leave second understand.', 1, '130169228', 26),
(108, 'Partner act ground. Energy tree throughout school country under husband. Call huge factor computer any. Maybe again worry father allow model.', 1, '344592404', 26),
(109, 'Participant coach of idea fund seven accept.', 3, '428122849', 26),
(110, NULL, 1, '662631789', 26),
(111, 'We beyond election. Decide difficult should home because. Environmental improve single next month.', 3, '391537381', 26),
(112, 'Teacher any process apply view challenge inside get. Challenge single often brother.', 4, '965313728', 26),
(113, 'Let article answer.', 1, '966040258', 26),
(114, 'Fine save whatever thought man sometimes best. Seat pick people million indeed drive.', 1, '865930971', 26),
(115, 'Herself popular see partner near available key into. Sell dream purpose phone near. American term senior describe. Concern ball at structure.', 4, '284700621', 26),
(116, NULL, 4, '662631789', 27),
(117, 'Smile interview less family purpose.', 4, '284700621', 28),
(118, NULL, 1, '179791958', 28),
(119, 'Sell relationship study together increase politics have art. Manage reveal push. South their pay whose section begin floor.', 5, '615402399', 28),
(120, NULL, 1, '144888040', 29),
(121, 'Appear under Democrat administration treat so. Gas page personal. First majority travel player travel standard piece.', 3, '965313728', 29),
(122, 'Science note successful. Adult make including music. Spend strong where couple. Between impact image tonight contain good.', 4, '130169228', 29),
(123, NULL, 2, '294461639', 29),
(124, 'Central money local thus somebody into almost professor. Actually I list might pretty.', 5, '428122849', 29),
(125, NULL, 5, '865930971', 30),
(126, 'Product behind hair. Clearly push use method indicate benefit.', 5, '966040258', 30),
(127, 'Degree quickly moment serve sit. Have tax happen help camera these.', 2, '130169228', 30),
(128, NULL, 1, '344592404', 30),
(129, 'Early people measure son require home western physical.', 1, '428122849', 30),
(130, 'Reason front collection sense every. Arrive face she cell during. Modern son talk may campaign.', 2, '853722878', 30),
(131, 'Best nation executive according certainly majority artist. Us chance attention.', 5, '450285267', 30);

-- Insert data for EventTypes
INSERT INTO EventTypes (EventTypeId, EventType) VALUES
(1, 'Workshop'),
(2, 'General Meeting'),
(3, 'Social Event'),
(4, 'Career Fair'),
(5, 'Info Session'),
(6, 'Hackathon'),
(7, 'Conference');

-- Insert data for Events
INSERT INTO Events (EventID, Name, Location, Description, StartTime, EndTime, ClubId, PosterImg, Type) VALUES
(1, 'Self-enabling composite orchestration', '8667 Colleen Lock', NULL, '2025-04-17 10:44:20', '2025-04-17 11:44:20', 3, NULL, 4),
(2, 'Cross-group tangible concept', '84904 Daniels Gardens Suite 988', 'Soldier thus close bar. Officer side education. Possible again attention boy color room.', '2025-04-17 10:45:53', '2025-04-17 11:45:53', 15, 69, 6),
(3, 'Implemented didactic product', '98486 Richard Estate', 'Approach east form simply story television receive. Last evidence key woman newspaper defense easy.', '2025-04-17 10:47:37', '2025-04-17 11:47:37', 3, NULL, 5),
(4, 'Persistent human-resource policy', '5701 Cheyenne Trace', 'Yourself because cold. Kitchen information movie result source yourself.', '2025-04-17 10:44:29', '2025-04-17 12:44:29', 10, 180, 4),
(5, 'Open-source composite Local Area Network', '166 Daniel Wall', 'But for agree reality any actually. Relationship likely speech with growth. Sing lot foreign project or if. Certainly network can.', '2025-04-17 10:45:50', '2025-04-17 12:45:50', 27, 147, 5),
(6, 'Distributed interactive array', '36129 Calvin Land', 'Say resource media structure. It grow happen check. Fill above seek know glass.', '2025-04-17 10:46:33', '2025-04-17 13:46:33', 7, 173, 3),
(7, 'Open-source client-server hardware', '006 Fernandez Square Suite 802', 'Provide cold investment success who. Quality interview produce stock. Better three land rise onto.', '2025-04-17 10:48:25', '2025-04-17 13:48:25', 1, 140, 2),
(8, 'Reverse-engineered analyzing definition', '606 Lowery Knoll Suite 588', 'Particularly task end process. Do talk thus exactly.', '2025-04-17 10:46:29', '2025-04-17 14:46:29', 30, 81, 3),
(9, 'Face-to-face empowering website', '87942 Mayer Avenue', 'Thank wish form movie. Standard exactly recognize building level. Memory more lay professional anyone anyone.', '2025-04-17 10:46:12', '2025-04-17 11:46:12', 26, 155, 4),
(10, 'Persevering homogeneous leverage', '7982 Morris Squares', 'Writer spend likely. End because he sign where.', '2025-04-17 10:47:41', '2025-04-17 14:47:41', 20, 81, 7),
(11, 'Innovative actuating structure', '9932 Douglas Ways', 'Administration though management stop well authority impact. Wear have individual strong. Animal house easy parent.', '2025-04-17 10:46:06', '2025-04-17 13:46:06', 9, 61, 6),
(12, 'Reduced scalable open system', '99619 Michael Drives Apt. 760', NULL, '2025-04-17 10:49:40', '2025-04-17 12:49:40', 28, 191, 2),
(13, 'User-friendly eco-centric instruction set', '987 Cameron Extension', 'News week break page they. Action determine both determine food.', '2025-04-17 10:47:37', '2025-04-17 14:47:37', 21, 178, 4),
(14, 'Extended context-sensitive Internet solution', '305 Miller Field Apt. 607', NULL, '2025-04-17 10:44:07', '2025-04-17 11:44:07', 2, 196, 6),
(15, 'Total leadingedge time-frame', '912 Ayala Fords', NULL, '2025-04-17 10:49:02', '2025-04-17 14:49:02', 15, 81, 3),
(16, 'Robust context-sensitive product', '45620 Michael Cliffs Suite 816', 'Physical born himself north baby interview. Suggest everyone thank along year thing buy.', '2025-04-17 10:49:42', '2025-04-17 14:49:42', 30, 102, 6),
(17, 'Face-to-face multimedia product', '979 Vazquez Islands', 'Who most you detail sit. Art pass now other.', '2025-04-17 10:47:32', '2025-04-17 12:47:32', 24, 24, 2),
(18, 'Front-line client-driven task-force', '91531 Roger Shoal', 'Certain lawyer nothing even. Sense side tree simply already soon light guy. Before black someone begin.', '2025-04-17 10:48:15', '2025-04-17 12:48:15', 14, 39, 6),
(19, 'Configurable asymmetric synergy', '268 Bryan Land Suite 625', 'Within step gas later.', '2025-04-17 10:50:03', '2025-04-17 11:50:03', 7, NULL, 4),
(20, 'Reduced 3rdgeneration standardization', '70603 Brett Key Apt. 711', 'Catch eye wait rich protect space change decade. Should positive gun.', '2025-04-17 10:49:34', '2025-04-17 11:49:34', 16, 101, 1),
(21, 'Reduced global product', '317 Bond Gardens', NULL, '2025-04-17 10:44:54', '2025-04-17 14:44:54', 4, NULL, 7),
(22, 'Object-based actuating definition', '2747 Ian Lodge', 'Drive many item think. Home theory sign.', '2025-04-17 10:46:11', '2025-04-17 11:46:11', 23, 157, 5),
(23, 'Enhanced mission-critical alliance', '0330 Amanda Canyon', 'Old condition into score yeah century. Lead her degree produce race seat notice. Board treat lay fine.', '2025-04-17 10:44:07', '2025-04-17 12:44:07', 19, 103, 4),
(24, 'Digitized client-driven implementation', '95799 Joshua Views Apt. 518', 'Catch upon claim force cut through walk. Itself nation dark think that little.', '2025-04-17 10:47:49', '2025-04-17 13:47:49', 22, 39, 6),
(25, 'Persistent high-level firmware', '27012 Elizabeth Valleys', NULL, '2025-04-17 10:47:40', '2025-04-17 11:47:40', 28, 49, 6),
(26, 'Cross-group tangible portal', '953 Solomon Mountains Suite 264', NULL, '2025-04-17 10:46:19', '2025-04-17 11:46:19', 5, NULL, 4),
(27, 'Streamlined high-level forecast', '652 Ross Circle Apt. 540', 'Wide in east identify eye. Billion institution region popular reason. Fly sense population its which several fine.', '2025-04-17 10:48:57', '2025-04-17 11:48:57', 12, 179, 5),
(28, 'Extended discrete service-desk', '67460 Andrea Brook', 'Face actually should. Friend summer cause policy above. Surface nor out system address.', '2025-04-17 10:46:17', '2025-04-17 13:46:17', 5, 27, 2),
(29, 'Monitored well-modulated Internet solution', '5488 Daniel Heights Apt. 672', 'Dinner none group write phone police culture. After national size mouth sell laugh any. Teacher her believe opportunity up.', '2025-04-17 10:49:30', '2025-04-17 11:49:30', 24, NULL, 3),
(30, 'Business-focused mobile attitude', '18798 Young Drive Suite 227', 'Future feeling subject seat Republican. Service base dog same billion himself. Friend yourself name good board me. Partner fire chair wear you.', '2025-04-17 10:49:19', '2025-04-17 13:49:19', 1, 28, 7),
(31, 'Secured disintermediate productivity', '3189 Thomas Plain Apt. 629', 'Rather continue name sign leg occur guess last. Time carry mission positive.', '2025-04-17 10:46:05', '2025-04-17 11:46:05', 14, 7, 1),
(32, 'Sharable high-level framework', '65519 Edwards Port Suite 195', 'New real stay former time social article. Name plant son effort face nor for.', '2025-04-17 10:46:16', '2025-04-17 13:46:16', 26, 74, 6),
(33, 'Optimized tangible utilization', '8160 Jessica Trail Suite 723', 'Heart base think need particular debate large. War technology charge science until. Population according item into.', '2025-04-17 10:47:16', '2025-04-17 13:47:16', 29, NULL, 6),
(34, 'Optional grid-enabled neural-net', '92041 Paul Shore Suite 184', 'May finally likely start president live bag soon. Nothing say off usually dream defense look.', '2025-04-17 10:49:24', '2025-04-17 12:49:24', 19, 72, 4),
(35, 'Decentralized fault-tolerant interface', '1022 Mason Canyon Suite 163', 'Leave finish people marriage dog item I. Meet film law finish check. Body send program whole machine discover study.', '2025-04-17 10:45:16', '2025-04-17 11:45:16', 11, 145, 7),
(36, 'Function-based analyzing frame', '2547 Shannon Keys', 'Drug than pick beat last. Side action any avoid factor system. Do his bad push outside. Visit begin especially south possible.', '2025-04-17 10:45:30', '2025-04-17 13:45:30', 15, 194, 1),
(37, 'Enterprise-wide bi-directional model', '0064 Jacqueline Parkway', 'Catch purpose similar use partner. Man whom manager word seem cultural thing. How west throughout prepare agent account last.', '2025-04-17 10:48:31', '2025-04-17 13:48:31', 13, 127, 1),
(38, 'Synchronized solution-oriented access', '27144 Jeffrey Spur Apt. 199', 'System she job determine any. Word analysis possible again tough author TV eight. Religious home somebody future yet.', '2025-04-17 10:47:10', '2025-04-17 13:47:10', 20, 96, 7),
(39, 'Operative explicit architecture', '7149 Robert Cliffs', 'Across century local break almost. Service agent make research ready.', '2025-04-17 10:47:59', '2025-04-17 12:47:59', 1, NULL, 6),
(40, 'Up-sized scalable function', '0335 Anthony Route', NULL, '2025-04-17 10:48:44', '2025-04-17 14:48:44', 25, 171, 5),
(41, 'Digitized intermediate concept', '0419 Adams Square Apt. 901', 'Life personal what somebody modern face. Force it central near dinner hard bad charge. Bar house always trade.', '2025-04-17 10:46:48', '2025-04-17 11:46:48', 6, 103, 6),
(42, 'Persevering next generation array', '647 Lynch Extension', 'Full two follow edge information. Experience writer task technology wait.', '2025-04-17 10:48:40', '2025-04-17 13:48:40', 18, 71, 2),
(43, 'Open-source real-time definition', '646 Thomas Field Apt. 297', 'Like his issue last deal. Though animal prepare market way. Public vote top represent two others with.', '2025-04-17 10:48:40', '2025-04-17 11:48:40', 3, 51, 3),
(44, 'Re-contextualized system-worthy benchmark', '97275 Jamie Trail Suite 142', 'Ago cold whole down west tonight. Plan own skill on gun. Keep either great me general rule soon.', '2025-04-17 10:45:08', '2025-04-17 14:45:08', 13, 19, 1),
(45, 'Operative value-added superstructure', '6533 Angelica Forges Suite 732', 'Song organization single information whether. Phone number clear no they maybe throw.', '2025-04-17 10:45:20', '2025-04-17 13:45:20', 16, NULL, 1),
(46, 'Stand-alone foreground collaboration', '35253 Jacqueline Branch', NULL, '2025-04-17 10:48:09', '2025-04-17 14:48:09', 12, 115, 5),
(47, 'Balanced homogeneous database', '6428 Wade Hollow Apt. 155', NULL, '2025-04-17 10:49:35', '2025-04-17 11:49:35', 11, NULL, 2),
(48, 'Re-engineered high-level focus group', '904 Jones Squares Apt. 307', NULL, '2025-04-17 10:48:55', '2025-04-17 12:48:55', 8, NULL, 7),
(49, 'Versatile eco-centric solution', '59762 Brian Circles Apt. 825', 'Each also despite style low difference effect. Glass thought everybody during apply gun increase.', '2025-04-17 10:44:45', '2025-04-17 12:44:45', 29, NULL, 1),
(50, 'Function-based optimal adapter', '791 Martinez Shore', 'Smile night just trip ok new. Economic respond party happen something. Region especially young include. Factor mention interest number.', '2025-04-17 10:44:13', '2025-04-17 11:44:13', 15, 25, 7),
(51, 'Enhanced disintermediate analyzer', '6571 Kathy Pass Apt. 402', 'Design economy upon participant teach wrong. Agency worry chance. Accept would worry book.', '2025-04-17 10:46:12', '2025-04-17 14:46:12', 20, 127, 6),
(52, 'Switchable holistic access', '1389 Deanna Lights Apt. 182', 'Game wait away. Require east wind what bed wait red. Great win this television great never.', '2025-04-17 10:47:42', '2025-04-17 12:47:42', 27, 9, 3),
(53, 'User-friendly transitional utilization', '356 Rivera Court', 'Plan recognize into official focus. Bar decide identify truth like card item.', '2025-04-17 10:47:18', '2025-04-17 14:47:18', 17, NULL, 6),
(54, 'Phased composite functionalities', '2209 James Glen', 'Learn both feel scene three past entire. Human buy serve our although generation enjoy source. Receive program everything point event.', '2025-04-17 10:49:39', '2025-04-17 12:49:39', 15, 43, 7),
(55, 'Optimized client-driven core', '558 Allison Garden', 'Stock their ask lose stay provide. View type under head series.', '2025-04-17 10:48:36', '2025-04-17 13:48:36', 4, 9, 3),
(56, 'Future-proofed client-driven structure', '40125 Joseph Harbor Suite 644', 'Group imagine marriage three actually. Drive individual discuss parent save. Into activity industry watch win. Exactly stay own relationship article.', '2025-04-17 10:48:01', '2025-04-17 13:48:01', 21, 8, 6),
(57, 'Synergistic attitude-oriented alliance', '3299 Edwards Route', 'Upon author avoid manager.', '2025-04-17 10:46:35', '2025-04-17 11:46:35', 30, 191, 7),
(58, 'Down-sized fault-tolerant orchestration', '67148 Camacho Club', NULL, '2025-04-17 10:47:23', '2025-04-17 13:47:23', 25, 75, 6),
(59, 'Open-source eco-centric portal', '275 Crosby Mill Suite 038', 'Nature father player. Man those professional lay.', '2025-04-17 10:44:45', '2025-04-17 14:44:45', 15, 187, 3),
(60, 'Advanced 6thgeneration knowledge user', '270 Carlos Circles', NULL, '2025-04-17 10:49:56', '2025-04-17 11:49:56', 8, 124, 7),
(61, 'Focused exuding synergy', '11804 Justin Run Apt. 126', 'Among film watch act. Thought later outside concern house rest nothing.', '2025-04-17 10:44:29', '2025-04-17 11:44:29', 27, 55, 3),
(62, 'Vision-oriented zero tolerance paradigm', '61771 Hernandez Isle', 'Live watch science none discussion check treat. Former difficult break pass Republican.', '2025-04-17 10:44:27', '2025-04-17 11:44:27', 20, 142, 6),
(63, 'Inverse client-driven open architecture', '78738 Reynolds Overpass Suite 104', 'Technology relationship consider so. Idea set ago.', '2025-04-17 10:44:30', '2025-04-17 11:44:30', 16, 106, 5),
(64, 'Right-sized intermediate strategy', '7343 Tara River', 'Two whether pressure why everyone. Improve blue help address important most positive. Author space the impact.', '2025-04-17 10:49:10', '2025-04-17 12:49:10', 7, 190, 3),
(65, 'Multi-tiered transitional hierarchy', '34191 Alyssa Trail Suite 549', NULL, '2025-04-17 10:45:38', '2025-04-17 12:45:38', 29, 47, 6),
(66, 'Distributed fault-tolerant attitude', '397 Allen Motorway', NULL, '2025-04-17 10:48:30', '2025-04-17 14:48:30', 3, NULL, 7),
(67, 'Versatile motivating analyzer', '19087 Odom Mount', 'Middle speak stop wish father. Vote star great task.', '2025-04-17 10:46:26', '2025-04-17 11:46:26', 9, NULL, 6),
(68, 'Universal leadingedge firmware', '205 Mitchell Fields Apt. 167', 'Up major pass onto religious. Strong among value water what well general surface.', '2025-04-17 10:48:17', '2025-04-17 12:48:17', 16, NULL, 7),
(69, 'Advanced motivating monitoring', '562 Kimberly Inlet Apt. 015', 'Sea picture rock sure one lot.', '2025-04-17 10:45:58', '2025-04-17 14:45:58', 22, 45, 7),
(70, 'Intuitive exuding frame', '70118 David Forge Suite 130', NULL, '2025-04-17 10:46:26', '2025-04-17 13:46:26', 9, 86, 7);

-- Insert data for Attendance
INSERT INTO Attendance (NUID, EventID) VALUES
('853722878', 1),
('724212731', 1),
('344592404', 1),
('222614550', 1),
('530152058', 1),
('450285267', 1),
('569604549', 1),
('998319093', 1),
('526838976', 2),
('222614550', 2),
('736965050', 2),
('294461639', 2),
('874478925', 2),
('662631789', 2),
('733870933', 2),
('292514990', 2),
('998319093', 3),
('635992786', 3),
('615402399', 3),
('222614550', 3),
('662631789', 3),
('733870933', 3),
('294461639', 3),
('994183336', 3),
('214107732', 4),
('865644837', 4),
('653223318', 4),
('662631789', 4),
('635992786', 4),
('428122849', 4),
('130169228', 5),
('292514990', 5),
('344592404', 5),
('284700621', 5),
('865644837', 5),
('526838976', 5),
('965313728', 6),
('179791958', 6),
('736965050', 6),
('662631789', 6),
('853722878', 6),
('110895675', 6),
('450285267', 7),
('179791958', 7),
('284700621', 7),
('530152058', 7),
('733870933', 7),
('344592404', 7),
('865644837', 7),
('166271843', 7),
('294461639', 7),
('853722878', 7),
('391537381', 8),
('110895675', 8),
('344592404', 8),
('530152058', 8),
('450285267', 8),
('653223318', 8),
('994183336', 8),
('662631789', 8),
('444783117', 8),
('865644837', 9),
('998319093', 9),
('294461639', 9),
('159358878', 9),
('110895675', 9),
('874478925', 9),
('179791958', 9),
('865644837', 10),
('130169228', 10),
('653223318', 10),
('724212731', 10),
('292514990', 10),
('118172510', 10),
('222614550', 10),
('998319093', 10),
('450285267', 10),
('966040258', 10),
('110895675', 11),
('530152058', 11),
('292514990', 11),
('994183336', 11),
('166271843', 11),
('144888040', 11),
('159358878', 11),
('635992786', 11),
('159358878', 12),
('998319093', 12),
('662631789', 12),
('865644837', 12),
('965313728', 12),
('736965050', 12),
('214107732', 13),
('450285267', 13),
('179791958', 13),
('444783117', 13),
('526838976', 13),
('118172510', 13),
('653223318', 13),
('865930971', 13),
('569604549', 13),
('865930971', 14),
('865644837', 14),
('998319093', 14),
('214107732', 14),
('635992786', 14),
('994183336', 14),
('444783117', 14),
('874478925', 14),
('166271843', 14),
('965313728', 14),
('653223318', 15),
('635992786', 15),
('444783117', 15),
('526838976', 15),
('179791958', 15),
('569604549', 15),
('736965050', 15),
('615402399', 15),
('391537381', 15),
('530152058', 15),
('653223318', 16),
('853722878', 16),
('736965050', 16),
('530152058', 16),
('965313728', 16),
('130169228', 16),
('214107732', 16),
('635992786', 17),
('865644837', 17),
('214107732', 17),
('615402399', 17),
('865930971', 17),
('391537381', 17),
('130169228', 18),
('865930971', 18),
('733870933', 18),
('166271843', 18),
('966040258', 18),
('569604549', 18),
('391537381', 18),
('159358878', 18),
('998319093', 19),
('662631789', 19),
('653223318', 19),
('222614550', 19),
('294461639', 19),
('428122849', 20),
('284700621', 20),
('733870933', 20),
('615402399', 20),
('865930971', 20),
('144888040', 20),
('444783117', 20),
('569604549', 20),
('144888040', 21),
('966040258', 21),
('994183336', 21),
('130169228', 21),
('965313728', 21),
('853722878', 21),
('110895675', 21),
('733870933', 22),
('653223318', 22),
('428122849', 22),
('965313728', 22),
('853722878', 22),
('635992786', 22),
('159358878', 22),
('344592404', 22),
('526838976', 23),
('444783117', 23),
('994183336', 23),
('998319093', 23),
('569604549', 23),
('724212731', 24),
('159358878', 24),
('865930971', 24),
('144888040', 24),
('292514990', 24),
('222614550', 24),
('966040258', 24),
('853722878', 24),
('653223318', 24),
('444783117', 25),
('736965050', 25),
('118172510', 25),
('994183336', 25),
('292514990', 25),
('130169228', 25),
('569604549', 26),
('344592404', 26),
('214107732', 26),
('130169228', 26),
('294461639', 26),
('526838976', 26),
('284700621', 26),
('444783117', 27),
('144888040', 27),
('110895675', 27),
('994183336', 27),
('450285267', 27),
('853722878', 27),
('159358878', 27),
('444783117', 28),
('865930971', 28),
('144888040', 28),
('391537381', 28),
('853722878', 28),
('530152058', 28),
('966040258', 28),
('159358878', 28),
('569604549', 28),
('662631789', 29),
('526838976', 29),
('284700621', 29),
('344592404', 29),
('179791958', 29),
('450285267', 29),
('853722878', 29),
('294461639', 29),
('344592404', 30),
('444783117', 30),
('110895675', 30),
('853722878', 30),
('865644837', 30),
('214107732', 30),
('428122849', 30),
('662631789', 30),
('428122849', 31),
('130169228', 31),
('736965050', 31),
('292514990', 31),
('444783117', 31),
('874478925', 31),
('110895675', 31),
('994183336', 31),
('526838976', 31),
('118172510', 31),
('736965050', 32),
('344592404', 32),
('994183336', 32),
('966040258', 32),
('292514990', 32),
('294461639', 32),
('450285267', 32),
('635992786', 32),
('144888040', 33),
('222614550', 33),
('450285267', 33),
('865930971', 33),
('653223318', 33),
('874478925', 33),
('118172510', 33),
('724212731', 33),
('110895675', 34),
('966040258', 34),
('428122849', 34),
('569604549', 34),
('736965050', 34),
('724212731', 35),
('530152058', 35),
('110895675', 35),
('853722878', 35),
('391537381', 35),
('526838976', 35),
('853722878', 36),
('428122849', 36),
('179791958', 36),
('450285267', 36),
('662631789', 36),
('653223318', 36),
('724212731', 36),
('130169228', 36),
('615402399', 36),
('222614550', 36),
('853722878', 37),
('391537381', 37),
('344592404', 37),
('144888040', 37),
('653223318', 37),
('865930971', 37),
('118172510', 37),
('179791958', 38),
('144888040', 38),
('736965050', 38),
('635992786', 38),
('344592404', 38),
('292514990', 39),
('222614550', 39),
('736965050', 39),
('994183336', 39),
('144888040', 39),
('450285267', 39),
('294461639', 39),
('653223318', 39),
('118172510', 39),
('874478925', 39),
('736965050', 40),
('159358878', 40),
('615402399', 40),
('874478925', 40),
('214107732', 40),
('994183336', 40),
('966040258', 40),
('284700621', 40),
('569604549', 41),
('159358878', 41),
('635992786', 41),
('874478925', 41),
('615402399', 41),
('110895675', 41),
('444783117', 41),
('391537381', 41),
('292514990', 41),
('853722878', 42),
('294461639', 42),
('653223318', 42),
('344592404', 42),
('450285267', 42),
('130169228', 42),
('444783117', 42),
('653223318', 43),
('994183336', 43),
('110895675', 43),
('635992786', 43),
('222614550', 43),
('159358878', 44),
('444783117', 44),
('130169228', 44),
('214107732', 44),
('966040258', 44),
('733870933', 44),
('874478925', 45),
('166271843', 45),
('222614550', 45),
('635992786', 45),
('284700621', 45),
('653223318', 45),
('733870933', 45),
('428122849', 45),
('214107732', 45),
('179791958', 45),
('450285267', 46),
('615402399', 46),
('292514990', 46),
('110895675', 46),
('159358878', 46),
('294461639', 46),
('118172510', 46),
('118172510', 47),
('222614550', 47),
('635992786', 47),
('724212731', 47),
('166271843', 47),
('615402399', 47),
('965313728', 47),
('733870933', 48),
('569604549', 48),
('736965050', 48),
('615402399', 48),
('526838976', 48),
('344592404', 48),
('444783117', 49),
('994183336', 49),
('853722878', 49),
('662631789', 49),
('724212731', 49),
('294461639', 49),
('653223318', 49),
('214107732', 49),
('144888040', 49),
('865930971', 49),
('865644837', 50),
('214107732', 50),
('662631789', 50),
('853722878', 50),
('344592404', 50),
('994183336', 50),
('662631789', 51),
('391537381', 51),
('853722878', 51),
('965313728', 51),
('865644837', 51),
('284700621', 51),
('635992786', 51),
('294461639', 51),
('144888040', 51),
('292514990', 51),
('428122849', 52),
('966040258', 52),
('998319093', 52),
('292514990', 52),
('994183336', 52),
('118172510', 52),
('144888040', 52),
('130169228', 53),
('966040258', 53),
('344592404', 53),
('294461639', 53),
('736965050', 53),
('569604549', 53),
('118172510', 53),
('292514990', 54),
('284700621', 54),
('733870933', 54),
('853722878', 54),
('569604549', 54),
('166271843', 54),
('526838976', 54),
('662631789', 54),
('966040258', 54),
('292514990', 55),
('294461639', 55),
('865930971', 55),
('724212731', 55),
('998319093', 55),
('110895675', 55),
('653223318', 55),
('526838976', 55),
('865644837', 55),
('144888040', 55),
('294461639', 56),
('130169228', 56),
('214107732', 56),
('284700621', 56),
('653223318', 56),
('965313728', 56),
('635992786', 57),
('284700621', 57),
('450285267', 57),
('444783117', 57),
('428122849', 57),
('569604549', 57),
('222614550', 57),
('526838976', 57),
('144888040', 57),
('284700621', 58),
('653223318', 58),
('635992786', 58),
('530152058', 58),
('965313728', 58),
('724212731', 58),
('391537381', 58),
('865644837', 58),
('110895675', 58),
('428122849', 59),
('569604549', 59),
('222614550', 59),
('526838976', 59),
('874478925', 59),
('998319093', 59),
('865644837', 59),
('130169228', 59),
('179791958', 60),
('428122849', 60),
('159358878', 60),
('733870933', 60),
('526838976', 60),
('166271843', 61),
('965313728', 61),
('294461639', 61),
('292514990', 61),
('635992786', 61),
('344592404', 61),
('530152058', 61),
('874478925', 61),
('444783117', 61),
('284700621', 61),
('159358878', 62),
('965313728', 62),
('530152058', 62),
('569604549', 62),
('292514990', 62),
('444783117', 62),
('130169228', 62),
('865644837', 62),
('874478925', 62),
('292514990', 63),
('144888040', 63),
('874478925', 63),
('444783117', 63),
('998319093', 63),
('159358878', 64),
('391537381', 64),
('292514990', 64),
('569604549', 64),
('214107732', 64),
('994183336', 64),
('214107732', 65),
('724212731', 65),
('965313728', 65),
('635992786', 65),
('874478925', 65),
('166271843', 65),
('179791958', 65),
('130169228', 66),
('428122849', 66),
('214107732', 66),
('966040258', 66),
('530152058', 66),
('724212731', 66),
('144888040', 66),
('444783117', 66),
('118172510', 66),
('294461639', 66),
('653223318', 67),
('444783117', 67),
('733870933', 67),
('994183336', 67),
('965313728', 67),
('159358878', 67),
('615402399', 67),
('144888040', 67),
('391537381', 67),
('428122849', 67),
('159358878', 68),
('292514990', 68),
('294461639', 68),
('450285267', 68),
('344592404', 68),
('635992786', 69),
('865930971', 69),
('526838976', 69),
('284700621', 69),
('214107732', 69),
('733870933', 70),
('653223318', 70),
('998319093', 70),
('118172510', 70),
('874478925', 70),
('391537381', 70),
('222614550', 70);

-- Insert data for Interests
INSERT INTO Interests (InterestID, InterestName) VALUES
(1, 'Programming'),
(2, 'Data Science'),
(3, 'AI'),
(4, 'Robotics'),
(5, 'Web Development'),
(6, 'Game Development'),
(7, 'Cybersecurity'),
(8, 'Networking'),
(9, 'Cloud Computing'),
(10, 'Virtual Reality'),
(11, 'Mobile Apps'),
(12, 'IoT'),
(13, 'Blockchain'),
(14, 'Quantum Computing'),
(15, 'Mathematics'),
(16, 'Physics'),
(17, 'Chemistry'),
(18, 'Biology'),
(19, 'Engineering'),
(20, 'Design');

-- Insert data for Interested
INSERT INTO Interested (NUID, InterestID) VALUES
('635992786', 6),
('635992786', 19),
('635992786', 18),
('635992786', 12),
('994183336', 10),
('994183336', 14),
('994183336', 2),
('994183336', 9),
('994183336', 12),
('994183336', 16),
('965313728', 14),
('965313728', 17),
('965313728', 6),
('965313728', 19),
('653223318', 3),
('653223318', 2),
('653223318', 20),
('653223318', 6),
('653223318', 14),
('653223318', 19),
('110895675', 4),
('110895675', 7),
('110895675', 2),
('110895675', 20),
('110895675', 12),
('724212731', 1),
('724212731', 19),
('724212731', 8),
('724212731', 2),
('724212731', 18),
('724212731', 13),
('724212731', 9),
('615402399', 3),
('615402399', 17),
('615402399', 18),
('615402399', 12),
('615402399', 13),
('344592404', 9),
('344592404', 18),
('344592404', 14),
('130169228', 14),
('130169228', 11),
('130169228', 8),
('130169228', 5),
('130169228', 12),
('118172510', 9),
('118172510', 18),
('118172510', 20),
('118172510', 1),
('118172510', 15),
('118172510', 4),
('159358878', 6),
('159358878', 7),
('159358878', 16),
('853722878', 6),
('853722878', 13),
('853722878', 5),
('284700621', 5),
('284700621', 20),
('284700621', 6),
('284700621', 1),
('284700621', 17),
('284700621', 8),
('284700621', 11),
('530152058', 20),
('530152058', 16),
('530152058', 11),
('530152058', 6),
('530152058', 8),
('391537381', 1),
('391537381', 9),
('391537381', 2),
('391537381', 13),
('391537381', 18),
('391537381', 12),
('865930971', 19),
('865930971', 12),
('865930971', 4),
('865930971', 9),
('865930971', 3),
('733870933', 17),
('733870933', 5),
('733870933', 3),
('733870933', 8),
('966040258', 1),
('966040258', 10),
('966040258', 2),
('966040258', 18),
('428122849', 7),
('428122849', 5),
('428122849', 20),
('428122849', 13),
('428122849', 8),
('144888040', 15),
('144888040', 6),
('144888040', 14),
('144888040', 16),
('144888040', 11),
('144888040', 12),
('294461639', 3),
('294461639', 5),
('294461639', 7),
('294461639', 19),
('294461639', 9),
('569604549', 11),
('569604549', 2),
('569604549', 9),
('569604549', 3),
('569604549', 8),
('569604549', 10),
('874478925', 17),
('874478925', 11),
('874478925', 12),
('874478925', 3),
('874478925', 13),
('214107732', 4),
('214107732', 12),
('214107732', 11),
('214107732', 7),
('450285267', 15),
('450285267', 2),
('450285267', 1),
('166271843', 12),
('166271843', 15),
('166271843', 10),
('166271843', 5),
('166271843', 18),
('166271843', 17),
('736965050', 17),
('736965050', 5),
('736965050', 7),
('662631789', 17),
('662631789', 16),
('662631789', 5),
('662631789', 2),
('662631789', 10),
('444783117', 18),
('444783117', 8),
('444783117', 12),
('444783117', 19),
('444783117', 14),
('444783117', 5),
('222614550', 1),
('222614550', 7),
('222614550', 9),
('222614550', 13),
('179791958', 13),
('179791958', 14),
('179791958', 20),
('179791958', 8),
('179791958', 10),
('865644837', 13),
('865644837', 19),
('865644837', 18),
('865644837', 14),
('865644837', 6),
('865644837', 5),
('865644837', 4),
('998319093', 9),
('998319093', 17),
('998319093', 5),
('526838976', 16),
('526838976', 6),
('526838976', 11),
('526838976', 10),
('292514990', 10),
('292514990', 19),
('292514990', 8);

-- Insert data for Executives
INSERT INTO Executives (Position, NUID, ClubID) VALUES
('President', '966040258', 1),
('Vice President', '166271843', 1),
('Secretary', '724212731', 1),
('Treasurer', '994183336', 1),
('Events Coordinator', '344592404', 1),
('Marketing Chair', '865644837', 1),
('President', '662631789', 2),
('Vice President', '569604549', 2),
('Secretary', '118172510', 2),
('Treasurer', '615402399', 2),
('Events Coordinator', '874478925', 2),
('Marketing Chair', '635992786', 2),
('President', '853722878', 3),
('Vice President', '428122849', 3),
('Secretary', '179791958', 3),
('President', '569604549', 4),
('Vice President', '118172510', 4),
('Secretary', '214107732', 4),
('Treasurer', '865644837', 4),
('Events Coordinator', '110895675', 4),
('President', '966040258', 5),
('Vice President', '110895675', 5),
('Secretary', '284700621', 5),
('President', '653223318', 6),
('Vice President', '450285267', 6),
('Secretary', '998319093', 6),
('Treasurer', '344592404', 6),
('President', '159358878', 7),
('Vice President', '294461639', 7),
('Secretary', '653223318', 7),
('Treasurer', '284700621', 7),
('Events Coordinator', '526838976', 7),
('Marketing Chair', '179791958', 7),
('President', '733870933', 8),
('Vice President', '214107732', 8),
('Secretary', '292514990', 8),
('Treasurer', '569604549', 8),
('Events Coordinator', '865644837', 8),
('President', '853722878', 9),
('Vice President', '444783117', 9),
('Secretary', '965313728', 9),
('Treasurer', '865930971', 9),
('President', '292514990', 10),
('Vice President', '450285267', 10),
('Secretary', '736965050', 10),
('Treasurer', '179791958', 10),
('Events Coordinator', '569604549', 10),
('Marketing Chair', '110895675', 10),
('President', '222614550', 11),
('Vice President', '130169228', 11),
('Secretary', '294461639', 11),
('Treasurer', '428122849', 11),
('Events Coordinator', '733870933', 11),
('Marketing Chair', '662631789', 11),
('President', '118172510', 12),
('Vice President', '222614550', 12),
('Secretary', '144888040', 12),
('President', '569604549', 13),
('Vice President', '284700621', 13),
('Secretary', '444783117', 13),
('Treasurer', '874478925', 13),
('President', '118172510', 14),
('Vice President', '853722878', 14),
('Secretary', '144888040', 14),
('Treasurer', '159358878', 14),
('President', '284700621', 15),
('Vice President', '998319093', 15),
('Secretary', '428122849', 15),
('Treasurer', '635992786', 15),
('President', '733870933', 16),
('Vice President', '615402399', 16),
('Secretary', '179791958', 16),
('Treasurer', '166271843', 16),
('President', '998319093', 17),
('Vice President', '144888040', 17),
('Secretary', '222614550', 17),
('Treasurer', '853722878', 17),
('President', '179791958', 18),
('Vice President', '662631789', 18),
('Secretary', '865644837', 18),
('Treasurer', '965313728', 18),
('President', '653223318', 19),
('Vice President', '874478925', 19),
('Secretary', '179791958', 19),
('President', '569604549', 20),
('Vice President', '526838976', 20),
('Secretary', '444783117', 20),
('Treasurer', '733870933', 20),
('Events Coordinator', '428122849', 20),
('Marketing Chair', '214107732', 20),
('President', '110895675', 21),
('Vice President', '130169228', 21),
('Secretary', '966040258', 21),
('Treasurer', '865644837', 21),
('Events Coordinator', '994183336', 21),
('Marketing Chair', '635992786', 21),
('President', '733870933', 22),
('Vice President', '110895675', 22),
('Secretary', '865644837', 22),
('Treasurer', '569604549', 22),
('President', '450285267', 23),
('Vice President', '284700621', 23),
('Secretary', '724212731', 23),
('President', '736965050', 24),
('Vice President', '865644837', 24),
('Secretary', '530152058', 24),
('Treasurer', '615402399', 24),
('Events Coordinator', '635992786', 24),
('President', '865644837', 25),
('Vice President', '526838976', 25),
('Secretary', '344592404', 25),
('Treasurer', '853722878', 25),
('President', '166271843', 26),
('Vice President', '994183336', 26),
('Secretary', '998319093', 26),
('Treasurer', '118172510', 26),
('President', '292514990', 27),
('Vice President', '865644837', 27),
('Secretary', '222614550', 27),
('President', '444783117', 28),
('Vice President', '214107732', 28),
('Secretary', '615402399', 28),
('Treasurer', '865930971', 28),
('Events Coordinator', '874478925', 28),
('Marketing Chair', '179791958', 28),
('President', '965313728', 29),
('Vice President', '292514990', 29),
('Secretary', '998319093', 29),
('Treasurer', '853722878', 29),
('Events Coordinator', '865930971', 29),
('Marketing Chair', '865644837', 29),
('President', '294461639', 30),
('Vice President', '159358878', 30),
('Secretary', '118172510', 30),
('Treasurer', '874478925', 30);

-- Insert data for AppealsTo
INSERT INTO AppealsTo (InterestID, ClubId) VALUES
(20, 1),
(14, 1),
(5, 1),
(11, 1),
(4, 1),
(12, 1),
(11, 2),
(12, 2),
(5, 2),
(8, 2),
(15, 2),
(7, 3),
(19, 3),
(9, 3),
(16, 3),
(3, 4),
(15, 4),
(2, 4),
(4, 4),
(8, 4),
(4, 5),
(1, 5),
(3, 5),
(10, 6),
(7, 6),
(3, 6),
(2, 6),
(2, 7),
(5, 7),
(14, 7),
(18, 8),
(14, 8),
(15, 8),
(9, 8),
(11, 8),
(20, 9),
(4, 9),
(5, 9),
(8, 9),
(17, 9),
(1, 10),
(9, 10),
(13, 10),
(5, 10),
(8, 10),
(12, 10),
(13, 11),
(9, 11),
(6, 11),
(3, 11),
(11, 11),
(1, 11),
(19, 11),
(18, 12),
(1, 12),
(6, 12),
(7, 12),
(3, 12),
(20, 13),
(16, 13),
(9, 13),
(8, 14),
(11, 14),
(3, 14),
(7, 14),
(9, 15),
(10, 15),
(8, 15),
(11, 15),
(1, 15),
(7, 15),
(12, 16),
(6, 16),
(11, 16),
(14, 16),
(3, 16),
(20, 16),
(10, 17),
(18, 17),
(17, 17),
(5, 17),
(12, 17),
(14, 17),
(3, 17),
(9, 18),
(14, 18),
(7, 18),
(5, 18),
(10, 18),
(19, 19),
(4, 19),
(10, 19),
(2, 19),
(12, 19),
(14, 19),
(5, 20),
(8, 20),
(10, 20),
(4, 20),
(14, 21),
(4, 21),
(15, 21),
(13, 22),
(14, 22),
(3, 22),
(19, 22),
(16, 22),
(4, 22),
(9, 23),
(1, 23),
(5, 23),
(11, 23),
(8, 23),
(6, 23),
(14, 23),
(6, 24),
(1, 24),
(17, 24),
(5, 24),
(15, 24),
(3, 24),
(12, 25),
(16, 25),
(9, 25),
(1, 25),
(14, 25),
(20, 25),
(5, 26),
(8, 26),
(16, 26),
(14, 26),
(12, 26),
(7, 26),
(15, 26),
(13, 27),
(6, 27),
(4, 27),
(2, 28),
(1, 28),
(6, 28),
(11, 28),
(5, 28),
(3, 29),
(9, 29),
(11, 29),
(14, 29),
(20, 30),
(19, 30),
(9, 30),
(12, 30),
(18, 30),
(17, 30);

-- Insert data for Analysts
INSERT INTO Analysts (AnalystID, AnalystName, Password, Email) VALUES
(1, 'Robin Carter', 'f86ec1abdb005fb6db176d32361dce07fc155400abf8f3b2e55e6a04c0df0795', 'donaldsonkimberly@example.net'),
(2, 'Darren Mckenzie DDS', 'a28a9411c9018f1ebd8be91900ede7e98386cf6dc28f763787d6f6052e94b92c', 'lkelly@example.com'),
(3, 'Michael Castro', 'dee986ad2399bb267fc0c500b689a37e8a4b6c903e2e1dd57c9d93be0f540902', 'brad64@example.org'),
(4, 'Samantha Walker', 'cfe6267d4d0af57ca109783dbed7496cc6b3562d586751d0758258458cd56b30', 'crawfordtiffany@example.com'),
(5, 'Raymond Duncan', 'a86646803308808d4926663d5a010b4ec5973676a56d43127f86428d49927922', 'sparksabigail@example.org'),
(6, 'Veronica Smith', 'e75452d302bb3e9964c84d14f247fe7fee76dafb583b856f120047048534d2b8', 'henrymelissa@example.com'),
(7, 'Kimberly Gibson', 'd3f36648b94867959a9c0dbd602ad6b55958003c1fefbde8e9c93f91c2192d62', 'finleygary@example.org'),
(8, 'Carlos Robertson', '578c43db78086416a9d822fa8017f7ec20afb9bfe1219c7a3996853773039d71', 'bmoon@example.net'),
(9, 'Kristen Garcia', '17c787bf41f00e497a68e361ffcc692d6d2d6dca6cc9c1f3d4afb023e117dc71', 'albert10@example.com'),
(10, 'Thomas Long', 'e86499317d292101346dc2403f9be8b1a081529c4265c87ac4af54e5be414d31', 'maryhayes@example.net'),
(11, 'David Torres', '4e357792f04a0089e13067dbe3db47047537e8958365f8c02882add284c33ded', 'sabrina21@example.net'),
(12, 'Lori Wells', 'c5ef6a3fd4278fc90a97668605ed1e740391cbaee1ef6de49f4fbb47aca8b09d', 'frenchholly@example.net'),
(13, 'Michael Boyd', '6f8098a9bd3b66f2d40ddd75e396f9f05d39df9db00070dca67249cc4a348cc8', 'samanthamendez@example.net'),
(14, 'Jennifer Wright', 'e0ba01bc85f703a9a6993b3229b59f7ac1224ad8d9b9de4d5bf564d4e1fe1e4e', 'becky40@example.net'),
(15, 'Desiree Dillon', '8c194ac510ff33cb505b36d5de3bdcc27dc9a70778144f024694f5e01365ca7c', 'rnguyen@example.org'),
(16, 'Nathaniel Valenzuela', '8ae6e8683245d1022a13f90d9bcb8e8811e5c895971daf05e611e2a3d52fc4d4', 'christopher45@example.com'),
(17, 'Jason Walker', '7a2becfb7fc4ad4c33dcfdc67eca380353f1204b9645921daf911534c80ff358', 'markperkins@example.org'),
(18, 'Wayne Bell', 'b94ed3f8fcbff36664e48aaff2f98a8fde66f0d961759bc6acdf0ecb5e991b4c', 'crosbyshelly@example.net'),
(19, 'Michael Banks', '82cdec95e5dc4a1adddd1f5298a5cb45ec7b3ad7d80ffb025a0af5304450388b', 'weavernicholas@example.net'),
(20, 'Melissa Ross', '5182fad8a0a1e19dd69173b14e855befea0b8f6995bb3f267925661d4bf5ce00', 'traceymoore@example.net'),
(21, 'Jamie Gonzalez', 'cb198646e16dee4c9b4b76fccccb4e20193aa28fa53c34da687ca78388c6a505', 'rwright@example.net'),
(22, 'Zachary Waller', '4884ecf95c33986a7f43f8ec08fb87aa566f658ff9c6eee33961f9119ba19c2a', 'tbailey@example.com'),
(23, 'Michael Lane', '57a43e39ed5dfde46fcfff60419907632215dcb5fe1ceb92bf904c375244e453', 'ebranch@example.org'),
(24, 'Donna Walker', 'fc9898ff570dd03af24e05cd4aa564f7f17584899e5cb70f1f489c9707a6d5ca', 'cjames@example.com'),
(25, 'Crystal Hunter', '051d2f432b51835eee007cd46d2b35fbc8eb13daa6d952718d55bbf15e2554d6', 'janice96@example.com'),
(26, 'Gary Campbell', '5fcf1d496c37d18293ac14052654a5bebf42bcd35dab4d828b545d4ff958914a', 'jenniferhoward@example.net'),
(27, 'Spencer Hammond', '08b79d005b212062925273b9c0fe950abe84972807885e5f349acaa9dc50ae11', 'hphillips@example.com'),
(28, 'Sharon Myers', '5875c35e0c07f362d3d41764f1c86e3645a3552e80488c436d85faa7b198bf29', 'terry57@example.org'),
(29, 'Michael Meyer', 'de59f77ae5d3a38c96cb19e05b3c7d48e25d7f30e1949dfc4da224b2edadd95f', 'brianwright@example.com'),
(30, 'Joseph Morton', 'c840f10b52f70b7e66843b1954b53d368fd3b44a4553e37dc8867767701ed7b7', 'tonywilliams@example.net');

-- Insert data for Membership
INSERT INTO Membership (NUID, ClubID) VALUES
('635992786', 13),
('635992786', 6),
('635992786', 1),
('635992786', 22),
('635992786', 7),
('635992786', 26),
('994183336', 22),
('994183336', 16),
('994183336', 27),
('994183336', 21),
('965313728', 2),
('965313728', 26),
('965313728', 4),
('653223318', 23),
('653223318', 10),
('653223318', 6),
('653223318', 14),
('653223318', 18),
('110895675', 30),
('110895675', 1),
('110895675', 10),
('110895675', 14),
('110895675', 8),
('724212731', 15),
('724212731', 18),
('724212731', 13),
('724212731', 1),
('724212731', 5),
('724212731', 17),
('615402399', 5),
('615402399', 26),
('615402399', 13),
('344592404', 13),
('344592404', 19),
('344592404', 10),
('344592404', 2),
('344592404', 4),
('344592404', 12),
('130169228', 23),
('130169228', 2),
('130169228', 22),
('118172510', 20),
('118172510', 1),
('118172510', 30),
('118172510', 18),
('118172510', 19),
('118172510', 14),
('159358878', 24),
('159358878', 7),
('159358878', 16),
('159358878', 12),
('159358878', 26),
('159358878', 15),
('853722878', 28),
('853722878', 13),
('853722878', 8),
('853722878', 14),
('853722878', 25),
('853722878', 26),
('284700621', 25),
('284700621', 28),
('284700621', 29),
('530152058', 24),
('530152058', 7),
('530152058', 12),
('530152058', 9),
('391537381', 14),
('391537381', 24),
('391537381', 19),
('391537381', 29),
('391537381', 13),
('865930971', 8),
('865930971', 22),
('865930971', 24),
('865930971', 2),
('865930971', 25),
('865930971', 20),
('733870933', 19),
('733870933', 3),
('733870933', 29),
('733870933', 4),
('733870933', 22),
('733870933', 20),
('966040258', 16),
('966040258', 3),
('966040258', 7),
('966040258', 4),
('966040258', 17),
('428122849', 3),
('428122849', 10),
('428122849', 11),
('428122849', 16),
('144888040', 7),
('144888040', 21),
('144888040', 28),
('294461639', 21),
('294461639', 19),
('294461639', 2),
('294461639', 24),
('294461639', 10),
('569604549', 25),
('569604549', 9),
('569604549', 22),
('569604549', 12),
('874478925', 13),
('874478925', 1),
('874478925', 12),
('874478925', 2),
('874478925', 29),
('214107732', 25),
('214107732', 14),
('214107732', 18),
('214107732', 2),
('214107732', 11),
('214107732', 22),
('450285267', 30),
('450285267', 29),
('450285267', 15),
('450285267', 20),
('450285267', 13),
('166271843', 13),
('166271843', 29),
('166271843', 28),
('166271843', 6),
('166271843', 17),
('166271843', 22),
('736965050', 10),
('736965050', 6),
('736965050', 1),
('736965050', 19),
('736965050', 17),
('662631789', 12),
('662631789', 6),
('662631789', 19),
('662631789', 13),
('444783117', 10),
('444783117', 24),
('444783117', 11),
('444783117', 23),
('444783117', 22),
('444783117', 25),
('222614550', 13),
('222614550', 30),
('222614550', 12),
('222614550', 26),
('179791958', 11),
('179791958', 17),
('179791958', 15),
('179791958', 16),
('179791958', 9),
('179791958', 19),
('865644837', 4),
('865644837', 18),
('865644837', 6),
('865644837', 7),
('865644837', 19),
('998319093', 1),
('998319093', 5),
('998319093', 12),
('998319093', 9),
('998319093', 27),
('998319093', 6),
('526838976', 30),
('526838976', 29),
('526838976', 23),
('292514990', 8),
('292514990', 3),
('292514990', 9),
('292514990', 2);

-- Insert data for RequestTypes
INSERT INTO RequestTypes (RequestTypeId, RequestType) VALUES
(1, 'Club Creation'),
(2, 'Event Approval'),
(3, 'Funding Request'),
(4, 'Room Reservation'),
(5, 'Marketing Materials');

-- Insert data for Requests
INSERT INTO Requests (RequestID, RequestDescription, Status, CreatedTime, Type, ExecutiveID, ExecutiveClub, ExecutivePosition) VALUES
(1, 'General already get its the must what. Fine mission sort include relate. Speak around expect manage grow.', 1, '2025-04-17 10:41:44', 5, '179791958', 18, 'President'),
(2, 'Factor around Mr generation term long house. Simple Democrat stay billion within interview door use. Worry part trade method fish.', NULL, '2025-04-17 10:41:17', 4, '865644837', 24, 'Vice President'),
(3, 'Market growth do rest nothing. Agree reality development popular church single catch.', 0, '2025-04-17 10:45:52', 5, '110895675', 5, 'Vice President'),
(4, 'Economic clearly involve remain. Present particularly pass wall trip world car condition. Tax way direction. Road each thought car learn.', NULL, '2025-04-17 10:46:11', 3, '733870933', 22, 'President'),
(5, 'Think education gas yes weight realize generation. Member behavior example two. Congress series notice focus bed party hear.', 0, '2025-04-17 10:45:04', 4, '284700621', 13, 'Vice President'),
(6, 'Along Congress cup dinner rest nice. Wind nearly number able teacher.', 1, '2025-04-17 10:41:38', 5, '284700621', 15, 'President'),
(7, 'Gun senior before put others. East table people material his other we. Really free politics decade pick front small. Big imagine involve offer lay story eat.', 0, '2025-04-17 10:44:45', 5, '865930971', 29, 'Events Coordinator'),
(8, 'Strong art product claim issue might. Wish nation ever dinner real blood issue.', NULL, '2025-04-17 10:42:58', 3, '526838976', 20, 'Vice President'),
(9, 'Often decision off news though majority. Attack key product step person hit. Resource positive test hear score.', NULL, '2025-04-17 10:45:33', 4, '965313728', 9, 'Secretary'),
(10, 'Method hair believe interest. Still lose throughout not big range. Serve deal different leave. Fine central federal.', 0, '2025-04-17 10:42:39', 3, '865644837', 21, 'Treasurer'),
(11, 'Carry expert list these investment. Strong stage baby travel watch could method while. Purpose center Democrat page they western man.', 0, '2025-04-17 10:46:21', 2, '110895675', 10, 'Marketing Chair'),
(12, 'Security not fill road book ability boy. Enjoy century agree discussion market order.', 1, '2025-04-17 10:43:46', 5, '874478925', 13, 'Treasurer'),
(13, 'Whom spring inside mean. Direction animal clearly. Republican sense morning.', 1, '2025-04-17 10:44:55', 1, '615402399', 24, 'Treasurer'),
(14, 'Age spring town hospital white. Sea investment eight building attack best loss. Happy could speak cultural course traditional.', 1, '2025-04-17 10:42:39', 3, '214107732', 8, 'Vice President'),
(15, 'Break prepare work break. Window particular current whose.', 1, '2025-04-17 10:47:01', 5, '526838976', 25, 'Vice President'),
(16, 'Main course majority during start character. Similar who economic fear key. Near scene like include price administration figure.', 1, '2025-04-17 10:44:04', 3, '615402399', 16, 'Vice President'),
(17, 'Science hair present how. Leg serve talk necessary.', NULL, '2025-04-17 10:41:23', 4, '865644837', 18, 'Secretary'),
(18, 'Fire fly street type walk. Along market question father standard for senior. Soldier language grow fear.', 0, '2025-04-17 10:46:19', 4, '994183336', 26, 'Vice President'),
(19, 'Put career process road way price teacher. Couple might answer often.', 1, '2025-04-17 10:45:52', 1, '865644837', 4, 'Treasurer'),
(20, 'Child purpose our crime indicate. Support sometimes none main west.', 0, '2025-04-17 10:41:36', 4, '284700621', 13, 'Vice President'),
(21, 'Them structure listen how tell machine right. Fact worker strong. Heart table bar become food first.', NULL, '2025-04-17 10:45:23', 4, '865930971', 28, 'Treasurer'),
(22, 'Here science production require able all summer it. Hour focus night traditional. Avoid positive share way gun. Same free news provide.', NULL, '2025-04-17 10:45:01', 4, '865644837', 21, 'Treasurer'),
(23, 'Sound sport Democrat worker. Property eye key adult benefit.', 1, '2025-04-17 10:46:27', 2, '214107732', 28, 'Vice President'),
(24, 'Someone list west great discover create source. Since adult recently cost.', 1, '2025-04-17 10:46:20', 2, '530152058', 24, 'Secretary'),
(25, 'Stock effort how onto yeah. Professor political community body chance. Sense decision free trouble important town writer.', NULL, '2025-04-17 10:45:24', 1, '662631789', 18, 'Vice President'),
(26, 'Learn trade baby true through avoid. Serious bring however money well.', 0, '2025-04-17 10:43:36', 3, '179791958', 19, 'Secretary'),
(27, 'Population describe under threat reduce whose already. Study play admit show. Girl outside civil actually manager on whole. Sister few teach accept spend.', 1, '2025-04-17 10:43:23', 1, '450285267', 10, 'Vice President'),
(28, 'Each cup mention big stuff. Change parent specific claim new weight positive.', 1, '2025-04-17 10:44:40', 3, '874478925', 19, 'Vice President'),
(29, 'Such main rule each edge. Remain year trade way light common live. Kind new across hard.', 0, '2025-04-17 10:45:28', 4, '294461639', 11, 'Secretary'),
(30, 'Lot decide find business top son. Assume lot find.', 0, '2025-04-17 10:46:31', 3, '662631789', 18, 'Vice President'),
(31, 'Continue light whom effort a. Where whose girl follow red.', 1, '2025-04-17 10:41:52', 1, '853722878', 9, 'President'),
(32, 'Line item act thing air.', 1, '2025-04-17 10:41:41', 4, '292514990', 10, 'President'),
(33, 'Possible area beyond soldier rule. Wide budget weight foot own concern century. Defense good approach.', NULL, '2025-04-17 10:45:45', 4, '733870933', 11, 'Events Coordinator'),
(34, 'Data under career already develop mother. Series without according natural. Visit alone guess method head.', 0, '2025-04-17 10:44:33', 3, '294461639', 30, 'President'),
(35, 'Executive movie run model. Think imagine story blood.', NULL, '2025-04-17 10:43:41', 4, '292514990', 27, 'President'),
(36, 'Certainly environmental civil. Once think floor five sign five identify.', NULL, '2025-04-17 10:45:21', 5, '110895675', 5, 'Vice President'),
(37, 'Along weight benefit couple outside same hot. Argue take evidence free see tough.', NULL, '2025-04-17 10:44:56', 5, '653223318', 7, 'Secretary'),
(38, 'Window suffer appear boy. Nature step huge various. Get heavy realize race other.', 0, '2025-04-17 10:46:28', 3, '569604549', 2, 'Vice President'),
(39, 'Food last response tell service important. Finally among physical detail avoid rest who girl.', 0, '2025-04-17 10:42:11', 4, '292514990', 10, 'President'),
(40, 'Nor live already leader. Prove speech various per.', 0, '2025-04-17 10:43:38', 1, '118172510', 30, 'Secretary'),
(41, 'Machine should world apply art. Push lead democratic threat. Know probably meet arrive while house run.', 0, '2025-04-17 10:43:17', 2, '118172510', 26, 'Treasurer'),
(42, 'Course lead interest than lose. Throughout health street bar that early fish. Set his toward important possible. Usually feeling inside age.', NULL, '2025-04-17 10:46:30', 5, '292514990', 8, 'Secretary'),
(43, 'Political late level around modern. Method teach manage partner despite various.', 1, '2025-04-17 10:44:57', 3, '966040258', 1, 'President'),
(44, 'Special future choice. Picture although space nearly article claim theory.', 1, '2025-04-17 10:45:35', 4, '853722878', 9, 'President'),
(45, 'Role once water site thus.', 1, '2025-04-17 10:44:07', 4, '130169228', 11, 'Vice President'),
(46, 'Describe catch campaign claim soon scientist. Body here blue it involve increase. Political who pretty talk.', 1, '2025-04-17 10:47:05', 5, '853722878', 3, 'President'),
(47, 'Animal agree inside. Who change find win difficult. Such answer trade network spring tonight oil.', NULL, '2025-04-17 10:46:11', 4, '865644837', 21, 'Treasurer'),
(48, 'Recognize customer effect raise computer. Wife no light glass yard. You garden sell paper practice report free.', NULL, '2025-04-17 10:43:01', 4, '635992786', 21, 'Marketing Chair'),
(49, 'History PM financial last great. Professor look probably laugh shoulder public. Rate lawyer production court relate opportunity note right.', 1, '2025-04-17 10:43:10', 4, '444783117', 13, 'Secretary'),
(50, 'Put act professor many heavy spend TV. Up street crime company story phone. Subject wish gas likely hour leader.', 0, '2025-04-17 10:43:23', 1, '865930971', 9, 'Treasurer'),
(51, 'School participant to you senior scene. Front firm accept while. Produce again her page century.', 1, '2025-04-17 10:44:59', 5, '865930971', 9, 'Treasurer'),
(52, 'Piece much require everybody. Test could piece well anyone whatever approach.', 0, '2025-04-17 10:46:52', 1, '736965050', 10, 'Secretary'),
(53, 'Thought computer establish standard suddenly main. Become enjoy life build because executive. Cultural teacher time religious.', 1, '2025-04-17 10:44:05', 1, '965313728', 18, 'Treasurer'),
(54, 'Trade seek assume under movement.', NULL, '2025-04-17 10:43:50', 1, '344592404', 25, 'Secretary'),
(55, 'Same study some guy. Analysis full between material with century.', 0, '2025-04-17 10:45:45', 2, '569604549', 8, 'Treasurer'),
(56, 'Water new coach raise hope blue thing. True laugh subject cold firm government. Win mouth world painting staff think.', NULL, '2025-04-17 10:42:07', 1, '736965050', 24, 'President'),
(57, 'Speak social there international fact story social. Spend listen speech like. Return development imagine first.', 0, '2025-04-17 10:45:15', 1, '874478925', 28, 'Events Coordinator'),
(58, 'At light responsibility surface officer music. Guess bill among wife drug why. Little live back doctor history include.', 1, '2025-04-17 10:44:31', 4, '166271843', 16, 'Treasurer'),
(59, 'Seem she scientist he back arm put. Fine clearly sit rise state through.', 1, '2025-04-17 10:46:07', 3, '724212731', 23, 'Secretary'),
(60, 'Skill consider gas choose test nearly ground. Half person notice. Way pass usually heart cause media.', 0, '2025-04-17 10:46:39', 3, '450285267', 23, 'President'),
(61, 'Write cultural computer itself idea job guess. Choice mention even sense anything.', 0, '2025-04-17 10:41:19', 3, '179791958', 16, 'Secretary'),
(62, 'Though wrong continue pressure. National those his chair design material. Environmental project tell security have opportunity so. Wear try detail foreign three.', NULL, '2025-04-17 10:42:05', 4, '865644837', 1, 'Marketing Chair'),
(63, 'Lawyer ready probably pressure from simple. Carry official top seat.', 1, '2025-04-17 10:46:32', 1, '118172510', 4, 'Vice President'),
(64, 'Before discussion wind realize. President bad economic which ever key. Claim federal local lose eight sound summer.', NULL, '2025-04-17 10:41:26', 2, '144888040', 12, 'Secretary'),
(65, 'Fast whole all fire involve.', NULL, '2025-04-17 10:45:18', 4, '874478925', 2, 'Events Coordinator');

-- Insert data for RequestReviews
INSERT INTO RequestReviews (RequestID, AnalystID) VALUES
(1, 13),
(2, 2),
(3, 17),
(4, 8),
(5, 15),
(6, 23),
(7, 30),
(8, 6),
(9, 23),
(11, 2),
(12, 18),
(13, 21),
(14, 9),
(15, 27),
(16, 9),
(17, 11),
(18, 10),
(19, 5),
(21, 22),
(22, 21),
(23, 17),
(24, 9),
(25, 17),
(26, 22),
(28, 9),
(29, 9),
(31, 26),
(32, 27),
(33, 3),
(34, 11),
(35, 1),
(36, 19),
(37, 4),
(38, 10),
(39, 8),
(41, 7),
(42, 12),
(43, 6),
(44, 30),
(45, 24),
(46, 27),
(47, 14),
(48, 25),
(49, 7),
(50, 28),
(51, 20),
(52, 28),
(53, 1),
(54, 13),
(55, 21),
(56, 21),
(58, 13),
(59, 21),
(61, 17),
(62, 16),
(63, 23),
(64, 14),
(65, 4);

-- Insert data for AdminTypes
INSERT INTO AdminTypes (AdminTypeId, AdminType) VALUES
(1, 'Super Admin'),
(2, 'Content Admin'),
(3, 'Club Admin'),
(4, 'Support Admin');

-- Insert data for SupportTypes
INSERT INTO SupportTypes (SupportTypeId, SupportType) VALUES
(1, 'Technical Issue'),
(2, 'Account Problem'),
(3, 'Feature Request'),
(4, 'Data Correction'),
(5, 'General Question');

-- Insert data for SupportRequests
INSERT INTO SupportRequests (SupportRequestID, SupportRequestType, SupportRequestDescription, StudentID) VALUES
(1, 5, 'Fund defense evidence relate information. Happen every do couple woman form allow.', '294461639'),
(2, 2, 'Interesting smile Democrat picture. Reveal deep finally gun size manager. Past popular sing less necessary party.', '853722878'),
(3, 3, NULL, '653223318'),
(4, 3, 'Admit professor than size class political explain.', '853722878'),
(5, 4, 'Their base just ten bar nearly region clearly. Present almost bill second. Those grow world. Few necessary guess add local full hot.', '222614550'),
(6, 5, 'His help meet newspaper. Research because entire to present.', '998319093'),
(7, 3, 'Event manage behind school. Rate sell usually PM bring probably total. All soldier however say hope drive.', '635992786'),
(8, 5, 'Though summer represent long. Guess which wall research check. Amount nothing address join week win development boy.', '965313728'),
(9, 2, 'Nor option story. Step minute maybe.', '118172510'),
(10, 3, NULL, '294461639'),
(11, 1, 'Game night sit floor parent. Central space listen forward his everything. Assume despite suggest they offer majority white.', '144888040'),
(12, 2, 'Attack country state. Doctor tree organization camera action.', '736965050'),
(13, 5, NULL, '159358878'),
(14, 2, 'Water rule hot range service attorney chair. Agreement painting summer state personal.', '635992786'),
(15, 4, NULL, '569604549'),
(16, 2, 'Time concern strategy very plant. Organization rate well particularly. Room service international executive president group fall.', '391537381'),
(17, 5, 'Purpose face wind seat stand. Still certain example.', '530152058'),
(18, 3, 'Near process baby up argue. Region relate majority gun main paper environmental.', '662631789'),
(19, 3, 'Quite past should scientist cause. Born on actually tax these trip.', '662631789'),
(20, 1, 'Everyone state science crime. Institution weight would third more send. Ask expect break hair less peace.', '865930971'),
(21, 2, 'Outside either better when center close individual. Throughout eat four understand.', '853722878'),
(22, 2, 'There over natural from. Fund into wrong.', '653223318'),
(23, 1, 'Choice machine message keep. Despite region fund on south series air believe. Story somebody politics sort dark dark make.', '724212731'),
(24, 1, NULL, '966040258'),
(25, 3, 'Their plan create PM sound. Character walk discuss test modern nation check letter.', '450285267'),
(26, 5, 'General business interesting sea. Suggest east edge child including rule. Usually simple such others find member physical. Meeting design office wall still.', '733870933'),
(27, 4, 'Toward natural leader. Real best great.', '284700621'),
(28, 3, NULL, '865930971'),
(29, 4, 'Economy factor pattern general thousand window. Difficult school tonight.', '450285267'),
(30, 2, 'Anyone rock manage art ask east attack short. Save last stock leg send suffer.', '653223318'),
(31, 4, 'Set team wide late.', '615402399'),
(32, 3, NULL, '179791958'),
(33, 4, 'Area long guess level argue.', '118172510'),
(34, 4, 'Traditional player population customer local result too outside. Door paper our property. Bed nearly top area authority.', '130169228'),
(35, 1, 'Fund rock ask wear. Ever difficult break.', '615402399'),
(36, 2, NULL, '159358878'),
(37, 2, 'Peace if character people kind behavior speak throw. Bad western authority speak else future fish mind. Us something along factor.', '615402399'),
(38, 3, NULL, '966040258'),
(39, 4, NULL, '569604549'),
(40, 4, 'Away financial billion street share health happy people. Future bar hundred against education serve newspaper my.', '144888040'),
(41, 4, NULL, '428122849'),
(42, 1, 'Guess its knowledge tax fire deep. Body message whom.', '118172510'),
(43, 3, NULL, '635992786'),
(44, 4, 'Today station professor worker maybe half according down. Successful because feel.', '662631789'),
(45, 4, 'Memory social head member purpose pass themselves give. Ground represent character senior democratic. Break than citizen my special drive.', '662631789'),
(46, 3, 'President significant direction down various. Author go more full charge.', '391537381'),
(47, 3, 'Treat perform station concern available note. Radio even enjoy evening. Mrs herself skin story suggest member.', '874478925'),
(48, 3, 'Community sense be authority age decision no. Plan rest industry appear out every. Company player factor skin worker.', '292514990'),
(49, 4, 'In north wife yeah born determine event. Television drug civil lawyer sign power.', '110895675'),
(50, 1, 'Pm bank law. Ability point voice always four red dog. Culture forward people.', '391537381'),
(51, 5, 'Finally require buy child. Appear shake important government others Democrat interest. Current bring line hospital trade memory.', '569604549'),
(52, 3, 'People real beat against everything right second. And firm for wear. Total town front difficult product thousand.', '294461639'),
(53, 3, 'Near rest large conference.', '450285267'),
(54, 5, 'When hand end available. Best could keep ago. Measure system color hundred forget political.', '865644837'),
(55, 5, 'Certain plan level behavior.', '965313728');

-- Insert data for Admins
INSERT INTO Admins (AdminId, UserName, Password, TypeID) VALUES
(1, 'edgar60', '05f0a541ee13a63fd2f4f244ebd0ccb2e88c0667e0227bc3ad1a23551556ddfe', 2),
(2, 'greensusan', '57931914f1b9c335c8bf9806b57121ca2d600cc5ee450e100f771cb95c2f3972', 2),
(3, 'haileyfarmer', '7b4c04ab82801fb681f761902c1f1461bd611ffa4ed00daf37db56ca403e4be5', 2),
(4, 'llee', 'c1bb5302c8620526e16b7b6da84172753a10dfc98744d0d175a3cafc1b4ed40c', 2),
(5, 'samantha26', 'b184365a11d5c25b2e891ec93aff558430012d8e969d4c3f2a92e2c52fa99069', 4),
(6, 'leslie67', '85313135289f998ed3a5dd1ab4e4c3b28ebef2c091b224cec66f75b8e8f9097e', 2),
(7, 'michael70', '8b654e5c2f99037f19e4ae962486c2d044e24240f7d804125c16e4a95339c7e1', 2),
(8, 'brittany75', '83a3be04dbb292b5068f91695a436c96fabdda09b1f19c021ecbee139bbc4cce', 3),
(9, 'stephanieharvey', 'a807b30fe333276ada552101d5d59408c812f3b544823ec440e6ae4dd383e091', 3),
(10, 'lorirowe', 'c3dc26e4c2cd54e23439dec0dd08038174e572940d01454d9c6a96642f5a18c8', 4),
(11, 'piercesarah', '60f6ed0dd9e519e915c2397fcaf02347a00b537c70366adf55cec7e6b6bdaf69', 2),
(12, 'melissa21', '7a3dbc7ad06b9083484f72def4c3d39c59331395d91b81d00c48bff96bb4e932', 2),
(13, 'dylansmith', '02a342f55085b74f130dafa3cd0282294c16d20c4ab7d4a293bfa47380788d9a', 3),
(14, 'elizabeth33', 'e54c93eff422a6a4994a261a7707ebd28d742f7ceac7fbec880420909fd320f1', 3),
(15, 'georgesanchez', 'dbca87adf83b61192eab1bf1aae97a19f3f1d6ce54d71d8c1272e4fcc007a5ac', 2),
(16, 'vwalker', '772d8d1153ce6687d2e2fb2d6fe846e0c603c77ef18dfa660a33f4c8cad6bf02', 4),
(17, 'datkins', '89cfcfff1591f8f092ffac55f9d0f5ccb1f16ddfbdeecd56857db1800796e1af', 2),
(18, 'hflowers', '70c200413c447286df1270893a404bf10385a2fa355b7025ef9c20b036a4572f', 1),
(19, 'emily07', 'fa2fbfedd093cb80900a490527fb2443bab99be450835a686329ceb81de7b9af', 3),
(20, 'morrowelizabeth', 'be5cff5c9c720cbc0a54adbd0977a149fe1d50f7315dd29bafc9408cf812d184', 2),
(21, 'alexandria30', 'ccb3aa8f710920c292372cc8322827273cebd978de2cc47a2162469a42e718db', 1),
(22, 'smithkaren', '3e4308a4ac87cdd2a93a526b7f3f82ed8619574e9d688ee1e6118a3a860de86a', 3),
(23, 'timothy34', '61a6a2f64a0c90e86a51867800e8cc5c89cfeedfcd0d7ba446d1030be2330723', 3),
(24, 'baxtersarah', '975ae04ed6fd75aa2cdc46097b5845b45ae0d6ecc9c4398d1a5c15df631cc055', 2),
(25, 'jenniferstephens', '384525e0bbd18e64fece924f76b9bf1ca36466cb1d4b2fde65af1bcfcc2da9fe', 4),
(26, 'morrisonkevin', '4e6bb78d3931515b73166f0fd66f407a1af33c5739a89a66fd94e02de05db598', 1),
(27, 'rwhite', '2835002ff48a628c02e684d6f853e66c8c8f01e2bfac4ff1640857a112a77eca', 1),
(28, 'josephsmith', 'a005aabd4dffce36c6e20dfea2e55e324919284ce463c685d9f5132088964e4c', 2),
(29, 'tanyarocha', '1bd3f45dbb2895d32596b0f1c310f0e0d31fb857c86c1125c644599026eff7ff', 4),
(30, 'scott32', 'c1f6e36cea95c6c0f23c6d885f2aa37747c52843c5bf9c5c79bd0ecc3bfb2441', 4),
(31, 'houstonlance', '62604260cc7040c590923642a947d5ac241ffcadaceacc8a83a596fee2a028da', 2),
(32, 'blackjulia', 'cad181ba403a4fbb1edce39d028990913be3bc2b9e108ca8a784d043c201dee5', 1),
(33, 'maurice56', '3d73895b5b98625135c65b6d857cbbaecb4c23374a8b199d6a81d34215d37a3b', 3),
(34, 'qellis', 'b423aefd7240d6760956047248ccb0a9be23f07e545be803fd6f9b11c63a964b', 3),
(35, 'adrianreese', 'c5cfdf2b2e55e4936921cc4c2bc0b92f08eb3a90a5b06e24f37bb8572f135e3d', 2);

-- Insert data for SupportAdmins
INSERT INTO SupportAdmins (AdminID, RequestID) VALUES
(16, 1),
(30, 2),
(13, 4),
(13, 5),
(28, 6),
(21, 7),
(1, 8),
(7, 9),
(23, 10),
(1, 11),
(26, 12),
(8, 13),
(30, 14),
(2, 15),
(30, 17),
(1, 18),
(16, 20),
(15, 21),
(25, 22),
(2, 23),
(27, 24),
(7, 25),
(21, 26),
(1, 27),
(3, 28),
(18, 30),
(20, 31),
(9, 32),
(1, 33),
(31, 34),
(33, 35),
(2, 36),
(22, 37),
(27, 38),
(22, 39),
(4, 40),
(22, 41),
(29, 42),
(31, 43),
(5, 44),
(14, 45),
(9, 46),
(28, 47),
(24, 48),
(20, 49),
(2, 51),
(14, 52),
(21, 53),
(20, 54),
(18, 55);

